sample_id,n_of_reads,Site,,
CD_003_V1,70451132,Teagasc,,Dataset description
CD_003_V3,176970902,Teagasc,,"sample_id: sample identifiers  e.g.,CD_005_V3)"
CD_005_V1,26503813,Trento,,
CD_005_V3,62933894,Trento,,n_of_reads: Number of sequencing reads per sample (integer values)
CD_007_V1,88467648,Trento,,
CD_007_V3,40927669,Trento,,"Site: Study location (either ""Teagasc"" or ""Trento"")"
CD_012_V1,90713376,Trento,,
CD_012_V3,55301557,Trento,,
CD_013_V1,44884847,Trento,,
CD_013_V3,39788356,Trento,,
CD_015_V1,87778773,Teagasc,,
CD_015_V3,65216912,Teagasc,,
CD_016_V1,46630136,Teagasc,,
CD_016_V3,53695140,Teagasc,,
CD_017_V1,64625828,Trento,,
CD_017_V3,63733335,Trento,,
CD_019_V1,82525882,Trento,,
CD_019_V3,23045826,Trento,,
CD_020_V1,30569691,Trento,,
CD_020_V3,41243540,Trento,,
CD_021_V3,24847395,Trento,,
CD_023_V1,51336375,Teagasc,,
CD_024_V1,57379499,Trento,,
CD_024_V3,20523556,Trento,,
CD_025_V1,54988922,Trento,,
CD_025_V3,58982860,Trento,,
CD_026_V1,86978407,Trento,,
CD_026_V3,44898639,Trento,,
CD_027_V1,21035202,Trento,,
CD_027_V3,135554692,Trento,,
CD_028_V1,8936213,Trento,,
CD_028_V3,269015124,Trento,,
CD_029_V1,59177164,Trento,,
CD_029_V3,412504054,Trento,,
CD_030_V1,52021899,Trento,,
CD_030_V3,36108531,Trento,,
CD_032_V1,23922551,Trento,,
CD_032_V3,76530749,Trento,,
CD_033_V1,75066342,Trento,,
CD_033_V3,52373634,Trento,,
CD_035_V1,31882768,Trento,,
CD_035_V3,22608084,Trento,,
CD_036_V1,45148232,Trento,,
CD_036_V3,66024500,Trento,,
CD_037_V1,68484250,Teagasc,,
CD_037_V3,44979346,Teagasc,,
CD_038_V1,117680926,Teagasc,,
CD_038_V3,73683656,Teagasc,,
CD_040_V1,25450354,Teagasc,,
CD_040_V3,57680790,Teagasc,,
CD_041_V1,53629637,Trento,,
CD_041_V3,78001564,Trento,,
CD_042_V3,80834834,Teagasc,,
CD_043_V1,55577925,Teagasc,,
CD_043_V3,122317791,Teagasc,,
CD_044_V1,40988565,Trento,,
CD_044_V3,31850904,Trento,,
CD_046_V1,81133134,Teagasc,,
CD_046_V3,84607561,Teagasc,,
CD_047_V1,16593666,Trento,,
CD_047_V3,37869135,Trento,,
CD_048_V3,70351207,Teagasc,,
CD_049_V3,48246472,Teagasc,,
CD_050_V1,113789186,Trento,,
CD_050_V3,43993029,Trento,,
CD_051_V1,33194593,Trento,,
CD_051_V3,24972386,Trento,,
CD_053_V1,81020589,Teagasc,,
CD_054_V1,22608468,Trento,,
CD_054_V3,30410489,Trento,,
CD_055_V1,56918573,Trento,,
CD_055_V3,72873165,Trento,,
CD_056_V1,70735049,Trento,,
CD_056_V3,7459202,Trento,,
CD_057_V1,59662044,Teagasc,,
CD_060_V1,29568751,Trento,,
CD_060_V3,40883193,Trento,,
CD_061_V1,78545792,Teagasc,,
CD_061_V3,151876004,Teagasc,,
CD_062_V1,25659780,Trento,,
CD_062_V3,31245586,Trento,,
CD_063_V1,77962954,Trento,,
CD_063_V3,66454306,Trento,,
CD_064_V1,2406,Trento,,
CD_064_V3,61011742,Trento,,
CD_065_V1,108390360,Teagasc,,
CD_065_V3,72820448,Teagasc,,
CD_066_V1,63443073,Trento,,
CD_066_V3,32224205,Trento,,
CD_067_V1,102660769,Teagasc,,
CD_073_V1,59264487,Trento,,
CD_073_V3,40392468,Trento,,
CD_074_V1,81994955,Teagasc,,
CD_074_V3,61691877,Teagasc,,
CD_075_V1,22529343,Trento,,
CD_075_V3,42932631,Trento,,
CD_076_V1,20462749,Trento,,
CD_076_V3,31506080,Trento,,
CD_078_V1,51651063,Teagasc,,
CD_078_V3,50373258,Teagasc,,
CD_079_V1,76764973,Teagasc,,
CD_079_V3,70301770,Teagasc,,
CD_080_V1,25455434,Trento,,
CD_080_V3,102028535,Trento,,
CD_082_V1,138295317,Trento,,
CD_082_V3,60488867,Trento,,
CD_083_V1,88193672,Teagasc,,
CD_084_V1,34796921,Trento,,
CD_084_V3,10665062,Trento,,
CD_085_V1,16112005,Trento,,
CD_085_V3,22131496,Trento,,
CD_087_V1,70572701,Trento,,
CD_087_V3,29715129,Trento,,
CD_088_V1,131670697,Teagasc,,
CD_089_V1,22975073,Trento,,
CD_089_V3,298299045,Trento,,
CD_090_V1,11978483,Trento,,
CD_090_V3,31711454,Trento,,
CD_092_V1,32168634,Trento,,
CD_092_V3,267642574,Trento,,
CD_093_V1,77627092,Teagasc,,
CD_093_V3,53897614,Teagasc,,
CD_094_V1,234049210,Trento,,
CD_094_V3,29341863,Trento,,
CD_095_V1,69536138,Trento,,
CD_095_V3,21137338,Trento,,
CD_096_V1,69795739,Teagasc,,
CD_097_V1,42870176,Trento,,
CD_097_V3,51669189,Trento,,
CD_098_V1,34959895,Trento,,
CD_098_V3,33296145,Trento,,
CD_100_V1,79047645,Teagasc,,
CD_100_V3,75582897,Teagasc,,
CD_101_V1,88766511,Teagasc,,
CD_101_V3,102285944,Teagasc,,
CD_102_V1,46739857,Trento,,
CD_102_V3,34327085,Trento,,
CD_103_V1,51018659,Trento,,
CD_103_V3,46658200,Trento,,
CD_104_V1,70855345,Teagasc,,
CD_104_V3,17885263,Teagasc,,
CD_106_V1,63477882,Teagasc,,
CD_106_V3,125561629,Teagasc,,
CD_107_V1,95338928,Trento,,
CD_107_V3,84000017,Trento,,
CD_108_V1,53649577,Trento,,
CD_109_V1,31896254,Trento,,
CD_109_V3,33680524,Trento,,
CD_111_V1,67520770,Teagasc,,
CD_111_V3,64422455,Teagasc,,
CD_112_V1,78950864,Teagasc,,
CD_112_V3,72571780,Teagasc,,
CD_113_V1,24462309,Trento,,
CD_113_V3,76548881,Trento,,
CD_114_V1,66838889,Trento,,
CD_114_V3,6524444,Trento,,
CD_116_V1,86555416,Trento,,
CD_116_V3,48502298,Trento,,
CD_117_V1,45378631,Trento,,
CD_117_V3,69405519,Trento,,
CD_118_V1,31945651,Trento,,
CD_118_V3,47767386,Trento,,
CD_119_V1,87502004,Teagasc,,
CD_120_V1,13955083,Trento,,
CD_120_V3,45748983,Trento,,
CD_121_V1,43317651,Teagasc,,
CD_121_V3,41275960,Teagasc,,
CD_122_V1,21874888,Trento,,
CD_122_V3,29646193,Trento,,
CD_123_V3,48548451,Trento,,
CD_123_V1,28124648,Trento,,
CD_125_V3,63425372,Teagasc,,
CD_125_V1,55045506,Teagasc,,
CD_127_V1,26211556,Trento,,
CD_127_V3,49257927,Trento,,
CD_130_V1,29385612,Trento,,
CD_131_V1,27961860,Teagasc,,
CD_131_V3,53342377,Teagasc,,
CD_132_V1,29774570,Trento,,
CD_132_V3,16534612,Trento,,
CD_133_V1,16304769,Trento,,
CD_133_V3,78191796,Trento,,
CD_135_V1,28714382,Trento,,
CD_135_V3,70351059,Trento,,
CD_139_V1,57240472,Trento,,
CD_139_V3,17343437,Trento,,
CD_143_V1,76809732,Trento,,
CD_143_V3,86670514,Trento,,
CD_147_V1,54053957,Teagasc,,
CD_147_V3,55857551,Teagasc,,
CD_150_V1,63035591,Teagasc,,
CD_150_V3,58207347,Teagasc,,
CD_161_V1,71993798,Teagasc,,
CD_161_V3,55320165,Teagasc,,
CD_164_V1,53114101,Trento,,
CD_164_V3,42388160,Trento,,
CD_165_V1,98245654,Trento,,
CD_165_V3,48283420,Trento,,
CD_169_V1,59390827,Teagasc,,
CD_169_V3,63530296,Teagasc,,
CD_172_V1,72049449,Trento,,
CD_172_V3,37120941,Trento,,
CD_176_V1,39298588,Trento,,
CD_176_V3,64044422,Trento,,
CD_181_V1,49373340,Teagasc,,
CD_181_V3,52678984,Teagasc,,
CD_182_V1,60700673,Teagasc,,
CD_182_V3,46942635,Teagasc,,
CD_186_V1,33861733,Teagasc,,
CD_186_V3,53062274,Teagasc,,
CD_190_V1,74234635,Teagasc,,
CD_190_V3,54499361,Teagasc,,
CD_198_V1,45824359,Trento,,
CD_198_V3,76789353,Trento,,
CD_200_V1,68128461,Teagasc,,
CD_200_V3,56947801,Teagasc,,
CD_202_V1,45954576,Teagasc,,
CD_202_V3,30957214,Teagasc,,
CD_204_V1,64308711,Teagasc,,
CD_204_V3,54299969,Teagasc,,
CD_205_V1,87945005,Teagasc,,
CD_205_V3,46893552,Teagasc,,
CD_206_V1,29057025,Trento,,
CD_206_V3,102242605,Trento,,
CD_207_V1,47602847,Teagasc,,
CD_207_V3,53873879,Teagasc,,
CD_209_V1,41376891,Teagasc,,
CD_209_V3,37795470,Teagasc,,
CD_215_V1,3380,Trento,,
CD_215_V3,40865612,Trento,,
CD_229_V1,48437558,Teagasc,,
CD_229_V3,108357010,Teagasc,,
CD_230_V1,32657490,Trento,,
CD_230_V3,122871702,Trento,,
CD_237_V1,66624565,Trento,,
CD_237_V3,42574796,Trento,,
CD_239_V1,22282883,Trento,,
CD_239_V3,42737708,Trento,,
CD_241_V1,36378414,Trento,,
CD_241_V3,53949757,Trento,,
CD_247_V1,57229619,Teagasc,,
CD_247_V3,53550571,Teagasc,,
CD_249_V1,66220479,Trento,,
CD_249_V3,40317329,Trento,,
CD_251_V1,58117582,Teagasc,,
CD_251_V3,62655592,Teagasc,,
CD_256_V1,62954666,Trento,,
CD_273_V1,58335993,Teagasc,,
CD_278_V1,58457172,Teagasc,,
CD_278_V3,50467584,Teagasc,,
CD_280_V1,70008279,Teagasc,,
CD_280_V3,50919603,Teagasc,,
CD_293_V1,32191052,Teagasc,,
CD_293_V3,50284894,Teagasc,,
CD_295_V1,56657258,Teagasc,,
CD_295_V3,58104001,Teagasc,,
CD_324_V1,56657487,Teagasc,,
CD_324_V3,42463366,Teagasc,,
CD_336_V1,77597195,Teagasc,,
CD_336_V3,40233922,Teagasc,,
CD_342_V1,43233676,Teagasc,,
CD_347_V1,75431490,Teagasc,,
CD_347_V3,49681653,Teagasc,,
CD_353_V1,9685140,Teagasc,,
CD_353_V3,58085002,Teagasc,,
CD_359_V1,66510897,Teagasc,,
CD_359_V3,51003024,Teagasc,,
CD_363_V1,48769577,Teagasc,,
CD_363_V3,35410376,Teagasc,,
CD_365_V1,63116314,Teagasc,,
CD_365_V3,62360967,Teagasc,,
CD_368_V1,20527654,Teagasc,,
CD_368_V3,47950041,Teagasc,,
CD_371_V1,53903882,Teagasc,,
CD_371_V3,27254761,Teagasc,,
CD_375_V1,49390223,Teagasc,,
CD_375_V3,54825644,Teagasc,,
CD_377_V1,26076922,Teagasc,,
CD_377_V3,43712314,Teagasc,,
CD_379_V1,66107537,Teagasc,,
CD_379_V3,75880597,Teagasc,,
CD_380_V1,63530737,Teagasc,,
CD_380_V3,65504297,Teagasc,,
CD_404_V1,63025862,Teagasc,,
CD_404_V3,73707077,Teagasc,,
Control_extraction,3990,Teagasc,,
Mock,39273647,Teagasc,,
