ID,VISIT,microb_clean15_trnk_UNCLASSIFIED,microb_clean15_trnk_k__Bacteria|p__Bacteroidetes|c__Bacteroidia|o__Bacteroidales|f__Prevotellaceae|g__Prevotella,microb_clean15_trnk_k__Bacteria|p__Bacteroidetes|c__Bacteroidia|o__Bacteroidales|f__Bacteroidaceae|g__Phocaeicola,microb_clean15_trnk_k__Bacteria|p__Bacteroidetes|c__Bacteroidia|o__Bacteroidales|f__Bacteroidaceae|g__Bacteroides,microb_clean15_trnk_k__Bacteria|p__Firmicutes|c__Clostridia|o__Eubacteriales|f__Lachnospiraceae|g__Blautia,microb_clean15_trnk_k__Bacteria|p__Firmicutes|c__Clostridia|o__Eubacteriales|f__Oscillospiraceae|g__Faecalibacterium,microb_clean15_trnk_k__Bacteria|p__Firmicutes|c__Clostridia|o__Eubacteriales|f__Lachnospiraceae|g__Lachnospira,microb_clean15_trnk_k__Bacteria|p__Bacteroidetes|c__Bacteroidia|o__Bacteroidales|f__Rikenellaceae|g__Alistipes,microb_clean15_trnk_k__Bacteria|p__Firmicutes|c__Clostridia|o__Eubacteriales|f__Oscillospiraceae|g__Ruminococcus,microb_clean15_trnk_k__Bacteria|p__Firmicutes|c__Clostridia|o__Eubacteriales|f__Lachnospiraceae|g__Roseburia,microb_clean15_trnk_k__Bacteria|p__Firmicutes|c__Clostridia|o__Eubacteriales|f__Clostridiaceae|g__Clostridium,microb_clean15_trnk_k__Bacteria|p__Actinobacteria|c__Actinomycetia|o__Bifidobacteriales|f__Bifidobacteriaceae|g__Bifidobacterium,microb_clean15_trnk_k__Bacteria|p__Firmicutes|c__Clostridia|o__Eubacteriales|f__Lachnospiraceae|g__Coprococcus,microb_clean15_trnk_k__Bacteria|p__Firmicutes|c__Clostridia|o__Eubacteriales|f__Lachnospiraceae|g__Fusicatenibacter,microb_clean15_trnk_k__Bacteria|p__Firmicutes|c__Clostridia|o__Eubacteriales|f__Lachnospiraceae|g__Mediterraneibacter
3,1,0.000776000075784167,0.0,0.31298716465632637,0.1802326488615204,0.02941316060248925,5.505724537689056e-05,0.10457040081234528,0.012610607831551953,0.0,0.00815716593662882,0.08149941548923287,0.003510274262813383,0.0,0.03485123792357188,0.014016915828891991
3,3,0.08169893338089704,4.870447524136851e-06,0.20676003510251037,0.09991331756256801,0.043184305146343804,0.0,0.06986285631870186,0.06153200626146504,0.0,0.0012668670444188476,0.06349948221099791,0.035782055950127845,0.002367220015432619,0.01893316534521995,0.018283006890852722
5,1,0.0,0.060600808242148106,0.06840839248603026,0.13499794423753092,0.08928859986175895,0.0,0.003677402471147861,0.02021668609083854,0.0460654291167183,0.018588225310764196,0.02011437441879198,0.0507860094204977,0.0,0.0,0.003036951465248589
5,3,0.0,0.08185024011411744,0.08336827216627991,0.12752724224980377,0.09015624485455404,0.0,0.008650975516311613,0.021618402885706642,0.03152055005770931,0.036154563774614804,0.015156927567381743,0.11831865099158012,0.0,0.0,0.0012527780388150351
7,1,0.0,0.0,0.25758378860997233,0.14370899537946014,0.041463157933813104,0.09489689844012508,0.008758287459527763,0.00919191770215703,0.013465312640682767,0.0774121284231782,0.008237870969819759,0.0182443754234592,0.0,0.010561936434943377,0.015461596985336742
7,3,0.0,0.0,0.14306065671237697,0.11724349093947103,0.09272396200567394,0.0,0.0,0.004628638564685494,0.04811198846224628,0.12574191084634156,0.008265526134666266,0.04062324215765767,0.0,0.016809303255126015,0.0484673366985115
12,1,0.0,0.13166241531957626,0.01992924910412728,0.009810885862892372,0.059546079121704135,0.030945165397248224,0.017595831870767603,0.010759200269897918,0.004383032344914779,0.008607460534801971,0.017797372507991144,0.0005372076218676304,0.03811575856174018,0.005853105265708104,0.049202399667824095
12,3,0.0,0.2223291779283996,0.02251553192688087,0.00856629842771095,0.059381506785962976,0.042438819076439,0.015290950151309688,0.005876337310378331,0.0061084261713884366,0.013822593925940254,0.0236100955340419,0.0008690025592040007,0.01691908715463978,0.0062079502134745525,0.041353293979659145
13,1,0.0,0.0,0.0674258751090293,0.06028102611935067,0.12038335839454399,0.08845185022250589,0.008809486319303464,0.0022958753374048286,0.08298025272758525,0.008156412404558057,0.04027412677406728,0.03045908692253542,0.07068112804696045,0.0141730060912164,0.005333069699814375
13,3,0.0,0.0,0.03626668483862452,0.029104862384999333,0.09386881817302681,0.11448203155807675,0.029208482629829717,0.0011599655066844585,0.15819293909204019,0.034804777554692516,0.009379235565193824,0.0682552765903929,0.03433127111675869,0.021177913655474723,0.004146914266272965
15,1,0.1373601312389104,0.0,0.15693668631585717,0.1677878563767418,0.021524757788798685,0.009558021867772949,0.026069553415560383,0.12696955882700137,0.00039867537139269505,0.08244905370053096,0.023144149875162844,0.002114930533912887,0.007367465594868096,0.015671447097876347,0.003152194419778704
15,3,0.1499428572920594,0.0,0.1830776587907836,0.09424081023349412,0.03250529394019256,0.010686744250480999,0.03019752835314268,0.07980261725532953,0.0022241145083434794,0.057027483883671286,0.04569723054166514,0.008876460057257474,0.010986203202700285,0.017795809366844644,0.003842077821969548
16,1,0.21987834061221756,0.0,0.03343762062318134,0.04369929855928735,0.02463319191214073,0.03041108606786106,0.08892520572664966,0.17637201889654922,0.004360356853849475,0.05438118980310885,0.017732908474716518,0.014887613346068331,0.029443799622333403,0.01748230967503559,0.004442979566512579
16,3,0.16377391594578297,0.0,0.04598056765188835,0.07108102714543424,0.0133536003403622,0.022448960084436653,0.04980713771659498,0.2873210447804443,0.008660176260796073,0.03128929877480471,0.018637947231505535,0.005765532837513159,0.0211689201145019,0.012733821457758457,0.006043806028597274
17,1,0.0,0.04256622320077537,0.017572486506840717,0.03031983676853066,0.04610125428177116,0.05770384632921949,0.0412585032746849,0.011943513182736851,0.022668588118450513,0.03163872948647735,0.015853285741937298,0.0028411101165201403,0.07942939042153534,0.03962506123646167,0.0027076405489404017
17,3,0.0,0.023911306490629055,0.02801052285631151,0.02070537865653798,0.018153024988812504,0.03621308512085888,0.023696570765141083,0.04778282845425635,0.02384583828163882,0.009872102314119903,0.021337096513132994,0.015498339474419219,0.018098736735511375,0.01375124477727364,0.010784225545836166
19,1,0.0,0.0,0.05775002617553811,0.029344462940818924,0.05509908032083312,0.12261999988131737,0.043718328478915075,0.020547369979489027,0.0057809468031596485,0.04760990934966082,0.02856005171340898,0.03288029788114423,0.023717300567292543,0.030614466860360606,0.004363997787676706
19,3,0.0,0.0,0.0334496255734151,0.05321173754552101,0.036676966319792656,0.11419392940038892,0.014119540411888327,0.016009808415199056,0.03036987724209354,0.01644354323875026,0.029892236438025337,0.029683557441380473,0.04656053408962805,0.014387798919852587,0.003939582155725368
20,1,0.0,0.0,0.06883798703231811,0.06537126606262891,0.14015203178528018,0.133108816352548,0.10826648441131334,0.027363820077541904,0.0071232690286146556,0.027080130147133494,0.035801268949561725,0.01954498536770367,0.019871804172893744,0.0601694834691826,0.015654280540822074
20,3,0.0,2.9468465322555996e-05,0.05037196645784622,0.06722491137333912,0.07558108192917269,0.08540685390238921,0.07706033854338482,0.06689341628220212,0.005721106421188653,0.0033145486115022374,0.0166927289931078,0.00022126492733659793,0.01878368255643866,0.022238935546733573,0.010285600722208727
21,3,0.0,0.051725131922912684,0.09978448737481559,0.13708652793867157,0.04763247390517644,0.08390559482065067,0.040080523972326455,0.028413996430009136,0.06192024431436818,0.037264006569071424,0.017508749320142333,0.00907270918747176,0.02653531726657286,0.015538588390303249,0.01136736014649894
23,1,0.3354334683431781,0.0,0.023561173900108333,0.03978438909886794,0.04610553689977986,0.027269726931635752,0.024098444859596498,0.06938078261186821,0.0,0.0005968642683028116,0.026854702073089456,0.02449897045028227,0.012455135364139162,0.02690870852108411,0.00047574884467141117
24,1,0.0,0.01564490950689146,0.04414696708004501,0.009151612167414377,0.02394630659845499,0.04625498187139692,0.022940309918284548,0.049741228320731024,0.07588853248866884,0.010457017444703605,0.018335028901640425,0.001413885185108656,0.011225290181221205,0.0023257849144254572,0.008760334964887352
24,3,0.0,0.030581431093301154,0.2515790169331657,0.03319965835278382,0.06865697197631704,0.017958207293347007,0.09782705561580117,0.006654811147792467,0.0011080504380233734,0.0,0.05568198772192805,0.01713172542858603,0.000951545573155261,0.018167781626148644,0.007600248725581793
25,1,0.0,0.0009533477450492368,0.18098822994165878,0.08950847075298628,0.08826676164370592,0.04484164648220701,0.04245722397373194,0.012807356855663555,0.02448413656433132,0.02797937719762704,0.014915654551711422,0.009694358016832081,0.010186829077136318,0.022865200640834242,0.024199085087063574
25,3,0.0,0.0,0.23325430585527784,0.23476922463392808,0.06905861309832104,0.02670220949285642,0.02864337765866042,0.018382430669595305,0.025288291979427408,0.029055799491647008,0.009957542394729981,0.020016286454016922,0.01475349929805123,0.010568559969451127,0.021053252816888215
26,1,0.0,0.0,0.030438712593214325,0.02412394679923815,0.0061571892048939555,0.0358099355973787,0.04489994592762373,0.09153706782451498,0.008919420053588149,0.0033301925622235863,0.015274740129773708,0.0008089671369080287,0.024881767117538825,0.0050356918035962175,0.004557211802304937
26,3,0.0,0.0,0.025650784185272113,0.014739923685386954,0.025403728301554424,0.021545575952311543,0.02281347967606792,0.09052517455013302,0.010513308595423664,0.000854393180853593,0.012492684782347403,0.013195268889927208,0.020308579465030074,0.017105236312083896,0.012358753424289489
27,1,0.0,0.0838038375601593,0.0,0.0,0.026283287536962685,0.01738267002028346,0.006286623181238954,0.0002182855271263526,0.006442541414900635,0.014707314315466652,0.013995220653472433,0.004226188871502052,0.023152348812627333,0.008127263077717295,0.002439667690965636
27,3,0.0,0.12642990228072173,0.00028608637669989877,0.00030404243278331973,0.019235172887565825,0.027364323334096628,0.007075593987344005,0.00036517372484260705,0.02205276054186938,0.010350960195055221,0.00989640969667379,0.001612716115762088,0.03455905272725254,0.0037230570891619054,0.007322842827009538
28,1,0.0,0.0,0.11737761967551046,0.08243836887898172,0.10736300046568455,0.08254017479785973,0.008992455750963305,0.009623912718792637,0.15171904849805745,0.0762942765653386,0.022328130186646197,0.0,0.04552436354783518,0.02579864090599861,0.003924983552888427
28,3,0.0,0.0,0.1649688437465558,0.09450526109962232,0.0997086435089817,0.10881370951438646,0.011869369183987016,0.012068619040898518,0.07282426684584767,0.06077943733446454,0.020647203686353224,0.0,0.03203767056942096,0.014271107887423532,0.003119038188317916
29,1,0.0,0.43050945248770967,0.00039625141545240075,7.144365859764734e-05,0.013456393028423452,0.0432217076338854,0.02154146717379625,9.030799541837444e-07,0.02023119850249277,0.013949575025624904,0.020950752541542945,0.00798714014145243,0.018532505108673145,0.005652578117670319,0.004675044238374982
29,3,0.0,0.24176931464803522,0.00031319413593958244,6.986793748233109e-05,0.01003483300351359,0.007443964298695529,0.010528653931585958,0.00027331287104721136,0.004018416057509794,0.008122652558458867,0.00866210976939542,0.007404688825168612,0.024044465086224306,0.0021848875247364808,0.0006376963773676346
30,1,0.0,0.0,0.08751859598717698,0.17813978166671784,0.0871027116102526,0.06941188454776986,0.04935829682313666,0.07321690576007885,0.009596822755653092,0.03735169079858824,0.016491399675513937,0.0,0.008783101057697843,0.08699753737896192,0.0029397651436355154
30,3,0.0,5.456751638802693e-05,0.0988019476498272,0.27743196657223995,0.10148526772175218,0.08469789670759637,0.07377558252826223,0.052634224325758296,0.00926145920347246,0.014514759111448602,0.008633682455301949,0.0,0.007394649399702255,0.04601353254381648,0.0022640012487450734
32,1,0.0,0.0,0.04332485619845431,0.027035363297389595,0.039099742934875864,0.0011652922824336755,0.0033484833378565463,0.030377621568770965,0.000461859770738834,0.0,0.024467121759187718,0.26785567444428476,0.014404201397768391,0.0,0.0038147608977067956
32,3,0.0,0.0,0.07949241734997296,0.04050488024332902,0.04816317155735018,0.05458319442340506,0.09859096394304824,0.056140391031824416,0.03295380179533363,0.0008541893979525752,0.05470024517414107,0.058715507548016625,0.012087447551777132,0.06195990138424054,0.013862583422501705
33,1,0.0,5.960818886278593e-05,0.3609156619263962,0.1431966018323256,0.03841412163075981,0.13239980564724968,0.032707363865415714,0.03296703516883141,0.00023312311846000478,0.04507481078156852,0.010616368709207204,8.525473734828709e-05,0.002932722892049067,0.006490580403432226,0.007009021373793432
33,3,0.0,0.0,0.18330410788348855,0.14851784788742675,0.06338105803651721,0.20101783008232174,0.016884154770599524,0.04098825454900371,0.0,0.03004237815615548,0.02030965635545449,0.0,0.0028931540223838753,0.03739242581866618,0.008791910082514372
35,1,0.0,0.008503727894343024,0.013210230220774081,0.02939643935282435,0.030089952125861796,0.11387134831736677,0.0158018043363548,0.0834170438108171,0.011569742149003281,0.012206707111719324,0.08709656170263451,0.0017566918167397764,0.00440150509416564,0.005551310570700754,0.002614433868689367
35,3,0.0,0.019368765819563625,0.010620257508891088,0.01426386789400141,0.010161152991901167,0.06430876245059525,0.034726597605149914,0.046780218050123994,0.007452866720867761,0.03532572549673519,0.06951705147405382,0.0,0.004615166423135427,0.0029520010080882277,0.0043126999198994246
36,1,0.0,0.10757172425534728,0.08146347868201698,0.022261745102584603,0.009433079682022356,0.037712033620396185,0.2105868683497519,0.06378162647608217,0.02164491635521625,0.007844382342187158,0.017081170807973996,0.0,0.0,0.0052989545499547,0.02861936024807172
36,3,0.0,0.07752760265046929,0.05792789543910304,0.056224276578871184,0.05722252077745534,0.02904363735874555,0.011110030154640372,0.057473927431054776,0.04511667351984078,0.020791208897894306,0.024564230152577336,0.0,0.0,0.009108586437268373,0.014793248871754486
37,1,0.33731237456129426,0.0,0.028704182078967445,0.04726139483780102,0.047688614015536666,0.030010240767929845,0.03583986290092218,0.0651268878399869,0.035017915222682695,0.020505923660260418,0.018235754041267135,0.019002202355547983,0.033156266063099016,0.027612959663725994,0.010119451697985563
37,3,0.3354708523043366,0.0,0.015374169070018758,0.055503294181346696,0.03392634778674937,0.025216143897659877,0.04267263595810367,0.057143302132130466,0.023805400816128332,0.0076984480963027384,0.027143164865408874,0.014438569088531465,0.017597905279872348,0.03826669703724658,0.006694201563932115
38,1,0.0766096983558639,0.0,0.27085120994871015,0.20497511553950087,0.015286829142311558,0.0367814669039803,0.1205236398072437,0.0006674486772103689,0.0,0.0002318146105923828,0.04372620389668554,0.02592332234549329,0.0,0.017715385145665945,0.015338754149330273
38,3,0.044615308491631665,0.0,0.330291362364355,0.22352318467316773,0.011846294844705299,0.09138160863266158,0.04830091582311331,0.0011316533953875905,0.0,0.004690748702790201,0.055448054593428234,0.07062520329209494,0.0,0.009032113139082093,0.006471395041700618
40,1,0.30626963653480593,0.27722400479364173,0.0,0.0009923809943588103,0.008162498368567087,0.009599837890721592,0.02349011929237748,0.0008804129375608311,0.007785664156654673,0.0031167214741529762,0.0037635554801160333,0.0,0.008303464359356116,0.003850549232089188,0.004044169311967235
40,3,0.36016024655382883,0.09665229150957315,0.0021502070807471432,0.0013069848511861695,0.01593403879819741,0.012382109981879238,0.031049691796335568,0.005659824356343484,0.0637247611688452,0.011405680030232263,0.013362764701847591,0.0,0.011633944694454616,0.006301666702788468,0.002153279623158202
41,1,0.0,0.0,0.20958741713005147,0.09333565025742409,0.06416897017486808,0.036478574556390204,0.007419154509187739,0.08233093162082192,0.08371333839917316,0.016673803919800886,0.013639230367992479,0.0028524528538816465,0.0010709904468135117,0.0,0.013287063272553988
41,3,0.0,2.811087491283118e-05,0.1373845722297887,0.062429534570251966,0.056529262718012355,0.030455623068506795,0.019754515761064784,0.05549287499756539,0.14521345089301219,0.04709404834548423,0.011154595957375075,0.004820011087732232,0.0023190467843267407,0.0,0.005630708641021917
42,3,0.07816717303623366,0.0,0.3832474196988025,0.10304658042408207,0.0227920309978889,0.06317732659698119,0.03866801394146859,0.012100065036082568,0.003250842158621997,0.0019673748313540516,0.046978057004919235,0.0,0.0015711712380244813,0.017856908730259333,0.01279383614676622
43,1,0.2016795226739785,0.6565050476175744,0.0013722947997844449,0.00019855225347602015,0.005613454042441115,0.03675341228437405,0.00450456445331305,0.00043032966392993086,1.629310313241612e-05,0.0014941736179282608,0.0038629835005247995,0.0032031127236258256,0.0017558217241273426,0.0053588343440676145,0.0028200650023141095
43,3,0.4009634194863876,0.35253433717819077,0.0025823419253535396,0.002416680435694665,0.009469485730220958,0.03991956336831133,0.022230811827438607,0.0008736620903107828,0.007964812180219452,0.00958511923676297,0.024053148019715018,0.00014696839528429754,0.0023312434531410375,0.004269932104434124,0.0014647110915491173
44,1,0.0,2.0477404589347736e-05,0.06354228985565437,0.14677551143321757,0.04809791010017868,0.05528738632029069,0.017650017064503823,0.030544759189737206,0.040998273473730695,0.04249131717893638,0.03330940956816767,0.01384955130392885,0.017841641404509043,0.03117182951556885,0.015274738511573752
44,3,0.0,0.0,0.010677252453921635,0.12208015232380533,0.09567320249982045,0.03662425723559733,0.00798446864511533,0.0481025353085384,0.08885985103864878,0.005782051123203723,0.024946125688293245,0.016313140577477823,0.01515683108543504,0.004989487042413359,0.010956080285089369
46,1,0.2891968888783104,0.0,0.01850375054177629,0.03004952149238857,0.003134606806828436,0.06408211104173481,0.08864717269471183,0.010658843462297507,0.12041587165462894,0.016753217044709817,0.016979301927401255,0.005822692488582934,0.0016381921884318141,0.0018260439137041376,0.008154058974681392
46,3,0.23492397614388416,0.0,0.030714452460221604,0.08920251101424731,0.03091882881077717,0.10204600758065838,0.057096600678234785,0.06210370651630692,0.07180496450981792,0.0013391968959810454,0.0026156500193801387,0.005839685054720053,0.005446924352363517,0.005948109342741695,0.009438728892027116
47,1,0.0,0.591118610165225,0.0001971036370923832,0.00020860968697341067,0.03305117830955517,0.026079412555121487,0.004553194069441714,0.0008225324875819708,0.009219747743363463,0.03148635552573545,0.011898356155666654,0.04297599677910646,0.017995862224357572,0.002243779779408013,0.001314691264666962
47,3,0.0,0.003275448438787358,0.005744146619617506,0.018023040981156885,0.036846372566009845,0.031534013460910164,0.010976769367431293,0.003241636186014223,0.016363010768142724,0.0028483038007697287,0.012969976435383121,0.04710309234752012,0.010038908314392586,0.001904588686056867,0.0036759470029778
48,3,0.2026948721697303,0.05493024241099613,0.12159426161573578,0.07698761292343428,0.029279918630289843,0.03040151908147896,0.011395620256330077,0.03866687618629524,0.0013667559626968392,0.009287011401688224,0.014316571170461501,0.00046484551213396205,0.00984270254434827,0.0023461007592650855,0.024027236206038183
49,3,0.18939379289773275,0.5376369176386155,0.036024231519091315,0.012338399187310028,0.010704136028594899,0.005459757045259111,0.017966519156255533,0.029006489332256653,0.0021682905386891044,0.020185310463050856,0.004161003793962358,0.004316234878141192,0.004335284117426845,0.002270021624874189,0.007341984664675575
50,1,0.0,0.0,0.04135033297163673,0.09341885498454097,0.09928304454075605,0.03600269960427852,0.014686261485407682,0.05270783318552799,0.11454236368994035,0.01609346992749211,0.013540045621422213,0.042901509584691015,0.004921258358221962,0.01868982329012913,0.031263211115549215
50,3,0.0,0.0,0.057791304543820816,0.14313329354057233,0.04849531442251461,0.06193553411719438,0.010332902804101688,0.0639169882219599,0.08561296481963053,0.010252908084759389,0.025364866480260526,0.03911449971201901,0.009076532910129404,0.0091970784117295,0.020621028689829384
51,1,0.0,1.8111055179253653e-05,0.09482777443002742,0.0256760429276279,0.05470675635931968,0.05923411768624021,0.029510052692102683,0.028697973101259593,0.0409495988451586,0.03223093688186589,0.022038739345794464,0.00969847004849033,0.034156745749259865,0.007884748489261297,0.01490107188267738
51,3,0.0,0.0,0.1379947261017277,0.025182247929739877,0.04479636725757589,0.06415093053849259,0.02231640844180487,0.024353372229326882,0.05409759327407103,0.06292771003320412,0.020876523776887222,0.023512370551432328,0.028871751954211496,0.010871389778322096,0.014687364741485682
53,1,0.29599485171744916,5.886591617735672e-05,0.07826075509647257,0.07770490877599218,0.0320348167897557,0.055843121946246035,0.12941460138040523,0.0038292418436931034,0.00017314747099262878,0.03984039484324637,0.027123596875534936,0.002423430849856348,0.006440607055423694,0.04085456442172652,0.009255186415272733
54,1,0.0,0.07716155887595168,0.05621455449509391,0.005984858394530791,0.04746076367683893,0.044518490847064815,0.02147073717020183,0.021757230341312078,0.008867545459725241,0.01659975138491762,0.04585545897891267,0.002638525868246847,0.022633662706854896,0.009550875810426587,0.019201663104895825
54,3,0.0,0.003263838743626657,0.04719944902678454,0.03526869946777523,0.023783891593144754,0.023040085794515573,0.017529851000589187,0.05620212296791682,0.02428321358284487,0.003070121515087877,0.019595799502768987,0.013498682933954485,0.02998565768708062,0.0024454412565824393,0.010191918784730495
55,1,0.0,0.1281911530113301,0.007614609496788596,0.011054572394201859,0.04509488360779254,0.06478246892683594,0.043706261768035146,0.011028834745623715,0.007884097817195068,0.017585576419872895,0.015146252926395876,0.00017774117312202218,0.026872628414464958,0.004437069682917215,0.006916160366746351
55,3,0.0,0.23567747048248922,0.007525323457768985,0.013139049170737832,0.03869487197462133,0.03656108208982281,0.021586782246868143,0.004002178006724986,0.014685933525268657,0.011190285106962444,0.01725020809109756,0.00011311050463199093,0.03850088191948222,0.0038640885126462153,0.016009618522484708
56,1,0.0,0.30712439217239595,0.20686518242454904,0.026164830993544035,0.024599370154820704,0.009565104756646414,0.009184316985065066,0.005249209942891841,0.0025025768439625356,0.004346001753404163,0.0376816856285374,0.005492365990360782,0.0047381921532913375,0.004225674017861121,0.02271173505493018
56,3,0.0,0.29592687606475954,0.06453824602934002,0.010929823110257707,0.03618489782458733,0.005791472001467471,0.006220651442582021,0.007626511667309619,0.006755550452388737,0.001348749653560874,0.02818151639868539,0.005349390172120859,0.006715743084044856,0.003992138944918704,0.03629641846705825
57,1,0.30364116292389903,0.0,0.020261562228992048,0.011683128797673532,0.00636109251718261,0.001317025244153511,0.019309819858561544,0.2320155975940074,0.022862234124900363,0.0030142456957838724,0.001979579515092524,0.0,0.002796971374814079,0.02824775240901679,0.013776571775415814
60,1,0.0,0.03694718274847808,0.03732355438686029,0.016578082658505505,0.010371275107015578,0.0226345833351383,0.034995611180292804,0.030929870660531225,0.06279361848589199,0.007476860347283432,0.011686863229508425,0.058279778114009397,0.005768479661072103,0.0034986645153575456,0.034351266159122415
60,3,0.0,0.07842275155832587,0.022736582206751385,0.01525378450578806,0.010245486926252727,0.015847668582530554,0.0012275358212579933,0.03142090990042903,0.1416518254674977,0.01179490811948514,0.005797377155346876,0.08828219865619683,0.0019817048490245273,0.004416943252651176,0.0189104873310127
61,1,0.15244140202197695,0.0988770185371116,0.007113440532001263,0.01680572910311534,0.04278785842884904,0.14811882522282777,0.048731686228811584,0.014202961225604311,0.002414377867273868,0.01816551310558819,0.021813374793516378,0.18311432652470716,0.0051338610460168604,0.021847982213109702,0.00277419345774575
61,3,0.12290370255719915,0.07960757686832803,0.004599859334338463,0.0016479465536072685,0.05569910163260604,0.12264530686134928,0.02205335073884896,0.001877062008456251,0.0017514039020113986,0.008810371535746363,0.0217285877038852,0.3876720548549031,0.0011489118227444627,0.023349945965122163,0.0030709896357018927
62,1,0.0,0.005319895861261943,0.02613451337190509,0.03707058431454108,0.15829368828038276,0.07333712535988754,0.05785503266237849,0.049094449024388406,0.005621587489319264,0.006581287601827189,0.06318785816484289,0.06250318855977327,0.0032052480311113227,0.0018552531678873816,0.02815454429279122
62,3,0.0,0.02163651742381752,0.0500167059146965,0.034063109226581366,0.08719534281239308,0.06427111542332187,0.07617525859050243,0.037016092862811836,0.004402635621424909,0.0036096816043296913,0.029325853632106668,0.05201188377499491,0.044272279318880295,0.021211795880813084,0.018209748026645184
63,1,0.0,0.0,0.18092174097363795,0.037402171821968644,0.12272466764413215,0.09209031460226037,0.1017431134136301,0.011123316873134911,0.05753635483707313,0.06513647599056285,0.029825859438846348,0.009140357724263292,0.008486470440206078,0.03502501176625411,0.009733366886621525
63,3,0.0,0.0,0.27375515799893557,0.14220341688419114,0.03941467027579501,0.05621244493499522,0.043582909725426076,0.01804503806713097,0.023062856906068647,0.031621511828886874,0.012839843070708012,0.010636387967010944,0.012273892647643224,0.008264968191816066,0.009768805178783316
64,1,1.0,0.0,0.0,0.0,0.0,0.0,0.0,0.0,0.0,0.0,0.0,0.0,0.0,0.0,0.0
64,3,0.0,0.20362213748373412,0.05465914369294575,0.04762321829207719,0.08084297413167381,0.0739844317692418,0.01820310378035269,0.007219348724382399,0.0015643331636013232,0.019630423144117386,0.06277577676556025,0.009664758137925082,0.01362819186280983,0.010278954458867978,0.017983136732121215
65,1,0.38880368881597105,0.2696235612168048,0.0007587936706628819,0.0005504025084216438,0.0030016165289325986,0.010155012035828243,0.04513886698032098,0.003582882739239918,0.001195110750912874,0.010240070904747087,0.011099661490716353,7.55058133292885e-05,0.014153023693206984,0.0003762431028458634,0.0008938835647036297
65,3,0.3828087975418963,0.37664906702886625,5.11867041645721e-05,0.0,0.0021883088331086705,0.008296197971815895,0.03134305837409205,0.002564521856313441,0.0023277910765606563,0.003959652871037763,0.007048946513126526,0.0,0.012491470213735206,0.0003781271207063897,0.0004838347656518435
66,1,0.0,0.012237180217885012,0.03567144422188604,0.04736905806681911,0.07978600051129525,0.08731427442307499,0.01885725617168654,0.009397489582686712,0.09832965825216114,0.03300339263801274,0.05463876670198382,0.03659252013916648,0.08811582678058164,0.020601213566567935,0.004615038055878875
66,3,0.0,0.01960935922670591,0.10115942635181283,0.05936861778586088,0.019500768580462863,0.08251018942230584,0.013611938053460391,0.021791226841033767,0.11367600653474384,0.01704440794368731,0.033135128591434554,0.007041500127493467,0.02900265122051866,0.003864922084200385,0.001673904702457608
67,1,0.17059335538039114,0.3899022300964214,0.08000406377345815,0.02396351032522551,0.020255753647914126,0.04655661308114992,0.02755804100637161,0.04732771099086698,0.004927362176271528,0.01221471864578516,0.008954805949540406,0.0059915204376635636,0.0036372496661845246,0.011006311308532472,0.00046335553091519173
73,1,0.0,0.0,0.07324212819720945,0.10299909691248517,0.06668441428216851,0.12448361591959113,0.04960428519877881,0.04311360004577967,0.049556464678993765,0.10004983138264632,0.018626492627986675,0.06351935615572644,0.011971036771878819,0.029995070884916725,0.0036108494154841854
73,3,0.0,0.0,0.04402803147442806,0.055331681682192844,0.06293714066223986,0.08667794024376638,0.02226805172521176,0.02296827784427683,0.07991068987843318,0.09218001729086886,0.01448605926197989,0.1066293279491455,0.012045931949596531,0.03998949009960572,0.0079988793177857
74,1,0.18012670085205323,0.0,0.17881544829730858,0.23461622263449128,0.021383402099974167,0.019306117468721115,0.08771125723767384,0.04582557361333718,0.0007592556186083576,0.04734400278772848,0.0159859743836713,0.023098784737398965,0.0,0.019578898013221123,0.003158312971643561
74,3,0.2734903801606163,0.0010926920083255056,0.10120094132852893,0.10521186730215548,0.04574343941320451,0.029832703179240007,0.09282484823310645,0.06723532812522101,0.0053825010495375,0.08025532588136973,0.013706003512020537,0.006937888695616519,0.0,0.02098591310244723,0.00263745969579167
75,1,0.0,0.30978256444669083,0.0,0.0009522901049177654,0.04525870799140678,0.030905703879994233,0.026647638287369532,0.0,0.03967855333925249,0.02239047734018966,0.032643728811821655,0.002051333804218045,0.005959502642017035,0.008081197758610258,0.004015218548769797
75,3,0.0,0.5969920496912622,0.0,3.775199330022605e-05,0.019385347346953578,0.039248116843222505,0.0051658984236434315,0.0,0.0025040816832649936,0.0025688424164528817,0.0035300121820461376,0.000855243295030121,0.004139164690962284,0.0013615818647456529,0.0005689908139159069
76,1,0.0,0.12743679224470558,0.16852969073873802,0.010668854903333084,0.07423485454218594,0.07046122733171124,0.044626394890769,0.011505859432086119,0.03760664750958621,0.11810492245146033,0.027507540247686074,0.010147954213590101,0.016580637308581007,0.017883089225363417,0.03105625126871949
76,3,0.0,0.1242388512686005,0.11498259520722676,0.017544501501667812,0.09206212193838123,0.07812743265310594,0.046791669460003654,0.027425325935940433,0.051000118501144456,0.05768231662400191,0.03809485137152259,0.004679237302913953,0.022389881630523484,0.013842823258106048,0.016832690555921133
78,1,0.1557796046746296,0.6179315893811109,0.007698584743536302,0.005853906970057585,0.014656596174090363,0.015561581821702256,0.030397790248125205,0.0005617210670371025,0.0025417624755424252,0.01242398295028756,0.010022312965055347,0.003272540294006752,0.010133525632734581,0.002947600025155383,0.007575887701594381
78,3,0.19084593155446636,0.5926379093067521,0.0012981261346321753,0.001236954074517987,0.014025232118931885,0.01133803089463003,0.03627292766736587,0.0,0.0007135931179854864,0.029321645508040874,0.00464486892798263,0.00469714030662518,0.006950149339137694,0.0034508000505552813,0.004578194636958703
79,1,0.1501568867141187,0.0,0.0,0.12781834611063275,0.039249405367212616,0.049388372630116806,0.12122449901405635,0.0051497937943462465,0.0261229849086383,0.0014910495880719327,0.10814201544159449,0.08032937262245714,0.0028084762615060207,0.03578366052386172,0.009421189836413124
79,3,0.13947905083322715,0.0,0.0,0.14809817805968828,0.023305988145034436,0.03295951754558465,0.06684543563075719,0.015201856528163105,0.1015625047460672,0.0038100665971428586,0.02061118481425689,0.11031701999785062,0.0008399353341675802,0.01769126194279268,0.014343835831559631
80,1,0.0,5.9776059057544816e-05,0.15502795757321616,0.07960258633084737,0.07698425476576394,0.05106207137962343,0.11254129754699879,0.04923604794740828,0.019091091504830748,0.025450483194817086,0.023510014141994273,0.020933535830991355,0.011274846114195703,0.0232632000958019,0.007127569118946948
80,3,0.0,0.00014723875677130285,0.17278718854313976,0.079061896545516,0.02818538964259598,0.05224287855380249,0.07909960892463454,0.09028855085268594,0.022009686665293914,0.008891896963762318,0.04364124655059613,0.02133658087735644,0.016908084400705667,0.010062084004123891,0.004356180983713369
82,1,0.0,0.0,0.11168489300435917,0.09277547525886651,0.06109723646559847,0.0696028272771684,0.13696648041497703,0.019700658829105655,0.08193810118795522,0.08826993622010902,0.0165704103727833,0.044226624048411156,0.008018264163952852,0.025547775921247514,0.013449794067618292
82,3,0.0,0.00021847422024290727,0.07109934620459556,0.04176242701454327,0.05455637779988527,0.044376182271987266,0.06626679690073979,0.03939456825877957,0.09187629477365472,0.02749068646910303,0.05030803358335493,0.00647155797130565,0.005714381570298277,0.017009950772484673,0.006416311616761466
83,1,0.16973610744924478,0.1850736815598449,0.07060851415957806,0.017839943864149027,0.0339855431191282,0.043629207158747386,0.00982460778303904,0.0174324674315204,0.0,0.027894571965029674,0.03198295470122235,0.0018150014618371771,0.0055965520489786496,0.013500282603648469,0.009470858129680428
84,1,0.0,0.3074912170074769,0.08482348937533157,0.03377683692159867,0.05170355023070996,0.055460969482228846,0.04103123842696856,0.048468606431853,0.015113052878119095,0.02035402216016576,0.025028976368495336,0.0031112312204105742,0.014130358626349981,0.004003543224334146,0.009667797695903277
84,3,0.0,7.330556692517083e-06,0.01606827901424296,0.030639216510100684,0.0651978708046621,0.014934051098599391,0.0056831898083973195,0.09788442142225648,0.10680681352148289,3.283687723908337e-05,0.007185652674608835,0.0010670478823929662,0.01245310954181409,0.0050021509660870345,0.011750982796689714
85,1,0.0,0.05598630332062411,0.04298696868445423,0.036617638658362636,0.15884173593181916,0.019625919903711316,0.021279272589182486,0.02958897893604543,0.04963577967848526,0.026507849603637862,0.027961874732989576,0.003501708464441654,0.014586311848866673,0.01999953336031262,0.03457196670123555
85,3,0.0,0.05248446650997389,0.11171375767855776,0.1438684478094578,0.06085684777330095,0.0034178588486227057,0.02947570049270642,0.08089610715237022,0.03179923521575122,0.028200692631009744,0.02850103048855159,0.008320170377848476,0.011344693860821617,0.00043793007589518635,0.03768784143764528
87,1,0.0,0.0025358758644072692,0.07425737503002877,0.04443758390987265,0.0660036765680651,0.0213918453463213,0.06407631048038828,0.006756678040781302,0.03109164585072458,0.0193266883007844,0.03122602216385634,0.011126017262836853,0.011689634504462736,2.510768182581455e-06,0.030563480655836747
87,3,0.0,0.0022804316815927235,0.06961170741939507,0.07404651322268174,0.022539091709900226,0.021700960205645277,0.03456962184244723,0.008941413992691693,0.06849322390192525,0.012148520008612261,0.030360610340451236,0.0175939040580954,0.016560937989260918,0.0007740942638263718,0.011197138392544258
88,1,0.1959226763783191,0.4068652781431845,0.01771510337842816,0.040651727319752494,0.00766809271210566,0.02691655722720902,0.12413451602525336,0.0060981291506095065,4.255537911159125e-05,0.002919668874632953,0.01203030037067738,0.014259349388895443,0.005840544428108201,0.002945089480208506,0.001426127999701409
89,1,0.0,0.0,0.01679465008497875,0.05311746733097189,0.06903010418152909,0.026030249675504217,0.04398493016238921,0.04143903696864161,0.05776945368570832,0.01899877823269365,0.0697677294765264,0.0007887040367992176,0.005930965873870302,0.006887787344316676,0.03590654561004863
89,3,0.0,0.0,0.00941935199405038,0.02819252442719049,0.02587161518900089,0.013668587914322747,0.07147055438684205,0.019425454114461373,0.1035822298648735,0.010913228737690328,0.10772619055564892,0.0013238789907250598,0.004064574470645605,0.007232135218295924,0.04801238141872984
90,1,0.0,0.04723876180263993,0.1492576540271137,0.04969044665967816,0.13895487719774072,0.09874434532363745,0.06392171969766522,0.0025431917566584527,0.06135612625191941,0.05079102964363515,0.015384559995823692,3.540266936126985e-05,0.01150666760273725,0.032122822060783394,0.03006326677031449
90,3,0.0,0.044624436157670824,0.11080092441309142,0.024070220795530273,0.1377360088612948,0.09972931163181098,0.04353459461017992,0.0033640323056025427,0.052298077970423906,0.017550793864370293,0.011591404928494543,0.0040655314534317494,0.023982621001845304,0.045498732155671746,0.04675866747398637
92,1,0.0,0.0,0.09215004066980524,0.14788454381732088,0.07896659903855209,0.011945669342563409,0.010983978965649474,0.015119853693759804,0.054419250132030396,0.0009044132294653852,0.003944849885385096,0.02901294604957393,0.012862709809120626,0.004493781136241222,0.060652963521629355
92,3,0.0,0.0015072751537707325,0.040345475176743764,0.07279171017843243,0.08491794217627002,0.017562435388434498,0.05162495626953996,0.005938863958853704,0.10267720248600985,0.0004998343642585326,0.006064226293346655,0.08148400338256251,0.009414388325678029,0.013546096699377294,0.13059010533867926
93,1,0.22163998153559836,0.0006206079787322986,0.08497736812691956,0.06604738478172244,0.04179564717504358,0.04211455233153477,0.04247027521164867,0.04726428308051132,0.005931464836119037,0.03541427463698645,0.012462832562189306,0.02798309151704027,0.01091438724333545,0.018902895474159943,0.01338327521274579
93,3,0.1918563393749871,0.0,0.04172291028218617,0.021512925460243672,0.0025246295433261024,0.00011475588742288083,0.0023925550708952734,0.08552170440241909,0.000978985889328861,0.0001196925000260905,0.001969625404455763,0.0284474020360979,0.0006772054061174724,0.007363233075215487,0.005247856366377153
94,1,0.0,0.028236554625471064,0.2977773006057477,0.07708222937178293,0.06943113675810521,0.08381566804384927,0.011511975714750565,0.055317069786810336,0.006087852984500527,1.7041858212140652e-06,0.007645478825090183,0.008693653351361609,0.0022496255302273433,0.010731558854859298,0.011053649975068759
94,3,0.0,0.07633625275428965,0.05741870748813829,0.005613154033490147,0.051191416196483604,0.0595376322941405,0.021390632642050763,0.03315070565278556,0.0639667821325387,0.03496921750442452,0.0249773354107106,0.005847615302001242,0.02370902600251101,0.010873658150428336,0.010117129790699201
95,1,0.0,0.0,0.04721308050777755,0.06114609917077511,0.0607526526564957,0.08051228841223329,0.07527288397698338,0.026526113872142203,0.05337079411941305,0.0358686893058631,0.017033978642420063,0.028050080077642776,0.022785114149108502,0.021486189325660734,0.0024844769060929865
95,3,0.0,0.0,0.07757333281031853,0.05571668502555299,0.08092056072521868,0.07783700831273294,0.05447165633445622,0.017260088314782315,0.01761912729112497,0.020602513032674543,0.014426502279917514,0.08483206422194611,0.012203522664685613,0.07790485347046994,0.007563734421631036
96,1,0.1924261330337951,0.03613040973278791,0.03507324769461116,0.03149879074721704,0.011009660311111513,0.024325231558492026,0.03663357781837462,0.048407403947269285,0.09095843883200222,0.009824019493051575,0.00842602510788216,0.0,0.04588324069089551,0.003119771411193053,0.009886885199555329
97,1,0.0,0.0,0.17549563146786287,0.1608870555552215,0.05781565375649668,0.03318611209659478,0.10395192309619591,0.020651561707646086,0.0,0.02382007540453269,0.03212860461527053,0.00013609696357451962,0.0014427480763024923,0.018595575545841025,0.016955296456868888
97,3,0.0,0.0,0.08467807900183155,0.07680700788800136,0.06516309205967509,0.05752062962958881,0.21039422175022285,0.026471022246470008,0.04607226338525381,0.066866637487837,0.07378550634970135,0.0,0.0018448981243769484,0.025077531102351672,0.018902592164011602
98,1,0.0,0.010393702058779304,0.04102643282502143,0.029919358338202508,0.015671991983264157,0.023857256891779113,0.014382795099941772,0.16200073264730908,0.009961783259513567,0.009687292807643752,0.01822545959490457,0.009086542197356617,0.018948822668067373,0.0011863638794785086,0.027978549378511235
98,3,0.0,0.2977566661928963,0.06670240171415885,0.03242423947590646,0.027379639709274255,0.044188318751942755,0.018637525751852787,0.08907495543233068,0.003173424679711095,0.04092141054604508,0.011229758735268191,0.006875954081132665,0.0169882235833058,0.0026290737176783456,0.030149339933083035
100,1,0.1775809372111174,0.0,0.11096409365235518,0.05030119432650584,0.012899050439820321,0.04910543573063828,0.0726576830285257,0.06270482377558585,0.02885004218839357,0.002404026165557304,0.007223517623719672,0.015261681788656192,0.013381550954890055,0.01192919392199645,0.004243667440643581
100,3,0.11530966040447009,0.0,0.170164629344397,0.06882823776145446,0.0015258873431255615,0.03974379312317451,0.021431286316171687,0.07834850368649311,0.011513416958641378,0.007768580172580908,0.010903115133093848,0.010017358737658832,0.002040417357621593,0.003186846546131556,0.0008329137328073104
101,1,0.12720930976500808,0.0009267473585103646,0.26168795945879575,0.23144246238011085,0.07982914559434998,0.03404981809336148,0.0033524367016427863,0.00793008114109423,0.01157905603094193,0.005536107570652121,0.027143379078936797,0.005876768253013411,0.006083314012826551,0.030015273652436118,0.046783922687941515
101,3,0.3538568885031897,0.00041010703667562244,0.03572925871915639,0.011552715764652267,0.08664210519499801,0.11085521984831392,0.035304031942972,0.0003439419788253251,0.01153294378529466,0.0002455989920204888,0.03006232518327506,0.051895565523913084,0.0064649202899547415,0.1413381196079245,0.018520852308257514
102,1,0.0,0.10439099264535381,0.02446451087914207,0.010022464352810087,0.02115171442408227,0.06637226307688639,0.039898823716324076,0.03484313462199921,0.08755573244233995,0.034907551788781,0.008203863900942314,0.014935306615632927,0.018568374336523318,0.00562808451370986,0.012873352422589501
102,3,0.0,0.029908707695190953,0.012279873078416853,0.010043589747967678,0.0074837051918512365,0.05427622146657241,0.0063819344142069575,0.03164392134381084,0.21395996805768663,0.007624012737554886,0.00550242605506102,0.0026821138210565572,0.0035989839604471325,0.0017334058205435356,0.010849780635128169
103,1,0.0,0.00011827777535542222,0.11340703642504422,0.06784373100225881,0.10276815100262969,0.054120201292735995,0.07363262622268398,0.028009380028998106,0.07159163294998304,0.04820420758150517,0.01686841547374008,0.021843699929283925,0.004936493354643381,0.022888553768525385,0.013999477773551186
103,3,0.0,1.7420725437052476e-05,0.08049005902322,0.09317715285875616,0.08587646723306724,0.12002469337771157,0.15193776035349268,0.02855687411313242,0.006499332255584475,0.0578392113096952,0.04519967405221997,0.011392653840273784,0.011337688447946533,0.06607240634182493,0.023787499988736624
104,1,0.20232669665153785,0.0,0.07342646193974064,0.08349459815390922,0.03416523179981634,0.04790105988736159,0.11200430443612573,0.025328917124128637,0.06459102517246522,0.05286609491254071,0.030897612571798155,0.030882130007289753,0.01942160045910271,0.01985710743715443,0.0025893392315320496
104,3,0.1347793177234803,0.0,0.1257826066404128,0.07478467245418444,0.04020655357716181,0.0772214804846247,0.13129986046593167,0.022961144539390514,0.07470688910395593,0.011999315427909982,0.02401922310852784,0.026844428780042392,0.03190597078563517,0.025525399586590048,0.0012552624150670077
106,1,0.18480706132846855,0.0,0.010924036263286144,0.021273247698412975,0.004537211294676475,0.05504907846334078,0.007539654100499511,0.07479815577813095,0.03384056072856718,0.0021554097447023224,0.00879927949201979,0.0004752841907250759,0.00027930079769206015,0.0068655331761021884,0.0006642565427599632
106,3,0.17020407178697308,0.5631994776440548,0.02480068679903816,0.0070693620081825545,0.021787117518567403,0.045782902441026105,0.023682951904313902,0.027292895405929666,0.002264844554579367,0.0022104099536024466,0.008500925670886563,0.00394468309612933,0.003493108240982379,0.010632753957514706,0.000496798727650643
107,1,0.0,0.0,0.02068331994514313,0.03226669556623994,0.04987752397069671,0.04291848257517737,0.031713357288181566,0.03677380136957009,0.05991791192935543,0.05180822074121971,0.08280049745101133,0.0033478022387710507,0.05960909302130647,0.025506690925403173,0.02563076186500055
107,3,0.0,0.0,0.06340935301608863,0.05546771593267138,0.027982397340363147,0.08462763180702795,0.07958339971403688,0.035640175505570436,0.022879950622776226,0.019130968877720214,0.08576146432325239,0.0018666754840280496,0.03375065503977328,0.009655110913388453,0.00547538102523869
108,1,0.0,0.0,0.09982881743699834,0.031835795018807594,0.04378741194462048,0.08027777635368583,0.04440865114795057,0.028831329434806048,0.03650292992693205,0.03979238145615055,0.025069615482085167,0.003159473812405265,0.004804350363228916,0.016603974784926097,0.005994757263849442
109,1,0.0,0.0,0.12346448899581355,0.060345767942985705,0.07694087668549789,0.045681038807708345,0.04383427489552047,0.02162819208430065,0.08531337438055203,0.029251858093137042,0.011270072278449485,0.01509935028399258,0.02099806661263394,0.003393453753302016,0.018824760351803502
109,3,0.0,0.0,0.06638010641660688,0.04129550425136912,0.09323818498068871,0.060004256182897925,0.04902252206716506,0.01302899419297798,0.09510573064339363,0.06342434584755403,0.011812512134734462,0.05742336865042497,0.030797655208268146,0.01868678906501971,0.017085104402842697
111,1,0.1678287766427707,0.06002220735628943,0.05953249114067585,0.07356666563912635,0.013565355710266128,0.025796272211830572,0.022917003939426403,0.09189197641807526,0.0,0.01648400444119115,0.019456353752808783,0.0,0.002436092571395345,0.020543770206291178,0.004185400208651848
111,3,0.24819678243971613,0.0135538622494342,0.07892157666933869,0.025954148269930463,0.019108697918521506,0.024398110986074383,0.007996091654755552,0.12987323795797837,0.00010415222559621563,0.007187105782547744,0.010538941219355398,0.0006177641940734303,0.015850704844851415,0.012906974566803396,0.00038628135128423237
112,1,0.1411001840017822,0.0,0.4267706202855342,0.0,0.031021911501695233,0.0,0.0006431939662257582,0.0,0.0,0.0,0.19742679005622812,0.0,0.0,0.0,0.09635471649195727
112,3,0.1797057972367421,6.228643906315653e-05,0.3836100414163868,0.00030018945916322477,0.053639375590623706,8.756210085874583e-05,0.0017367166521918254,0.0004689126697076158,0.0016589201495273772,0.0,0.09422231514350048,0.0,0.0,0.0,0.11152990330761067
113,1,0.0,0.0,0.1115736465528865,0.10999873975398951,0.13403407552940844,0.06687849084638639,0.11872238703817936,0.026405059096321452,0.007643622463955258,0.01995927141351315,0.022915439896984392,0.0033011833690002306,0.017072927371160874,0.06795801477393007,0.019533111912049646
113,3,0.0,0.0,0.22147169246285794,0.1608643723104796,0.08024604493730435,0.0821146683987097,0.0748189542539302,0.02181713290442896,0.006458504330024317,0.019099981921716507,0.02616142955654118,0.020037949371792152,0.009114559728695536,0.023697675012557123,0.01775918424374933
114,1,0.0,0.0,0.10936333502553236,0.22414718821906698,0.04772555949505216,0.01675246707274062,0.003000054882128524,0.10156240541912599,0.01725336738177543,0.018920613808182128,0.0145208628761948,0.007469114678628824,0.0013154560180271657,0.0008501685607726762,0.014625481933691096
114,3,0.0,0.0,0.12823329792360205,0.1764463407470269,0.019309094930270516,0.016220192153250247,0.02583335876896226,0.11156887459601134,0.04057715026552295,0.012062692737435756,0.01886916696397164,0.004851616880384327,0.0030652851700943055,0.0017314908264110895,0.0020983643306084687
116,1,0.0,0.0,0.07483810944215052,0.16230389757341565,0.2494735423044201,0.0,0.00029634356477588943,0.0032879023269224983,0.019904159228469887,0.0,0.03473524890107181,0.0005142226395874772,0.0,0.0,0.10627084400668914
116,3,0.0,0.0,0.05858515819753803,0.19281301304370457,0.18127140706408254,0.0,0.0,0.04152631374852147,0.0,0.0,0.02190399629337697,1.8083048207196376e-05,0.0,0.0,0.06605205064780513
117,1,0.0,0.0,0.035620008671086,0.05411051911622176,0.11347313024203376,0.09328563301930336,0.13060432985836024,0.012473393256969594,0.04635588202679228,0.035719690130774855,0.018207379070176142,0.08307418822661877,0.006374509248958248,0.03125033777603056,0.009765580432329298
117,3,0.0,0.0,0.011586900901468378,0.020676649172745875,0.1276873420412857,0.03788694822430684,0.06749426123796667,0.017925524940886707,0.08134446770057795,0.015543082146631573,0.03360002028552889,0.12103849833152533,0.013603479692686313,0.03570232958570933,0.010994132793137212
118,1,0.0,0.0,0.08061369555916405,0.04396099850629384,0.08556169106553543,0.04938617933981691,0.06890343952741841,0.028340685103220853,0.10117309727605042,0.044387643021740066,0.032800286231131646,0.000787235692821954,0.056844902258573804,0.006409575732403918,0.036817129832339625
118,3,0.0,0.0,0.11072722760685774,0.06833312127587651,0.10329347086936187,0.041437995817779835,0.057786074101718134,0.06028541565580665,0.03489668230352662,0.02993233548537451,0.033013592065454,0.0023240562950982905,0.06716388551059618,0.017425717240551548,0.029401774735718193
119,1,0.19726403526179645,0.00033136405669298045,0.15367572266466248,0.09605798053323661,0.03655206576636817,0.0065365073892192736,0.05178959069537993,0.02135366188514663,0.0,0.04493858870316003,0.017277602863447025,0.1520172958246886,0.008053070288598406,0.012909300852856069,0.004334322135739038
120,1,0.0,0.39972354245292785,0.0011481275107764874,0.0012088245698484705,0.044252269417892155,0.11991621999985155,0.023019234245902756,0.003756495839392172,0.024930439163789165,0.015330672561538297,0.059773560842631704,0.0012765444291436582,0.01084360484749789,0.010159283128605333,0.02363352861399822
120,3,0.0,0.14738893087998003,0.0030153059288367287,0.00526913538045187,0.06518701671030691,0.07498233203454541,0.04681847276506154,0.0048492915752316144,0.08955033832606238,0.013749758798677004,0.02977982005802523,0.0070722190733098055,0.010837224513362184,0.02342408341232458,0.02106154350527
121,1,0.22402497593820062,0.3374004114453759,0.010980423363056916,0.01262326657979701,0.0066206806894050785,0.010285221987048246,0.025427923791514116,0.01987997926828239,0.02077963336056742,0.01330565567004343,0.04854257338273914,0.0004773928282134676,0.01389214690421493,0.0033825937702661943,0.0035524921904223463
121,3,0.24690762844375885,0.2083781195551594,0.014587777240511942,0.015841224314909044,0.009475861021619193,0.018360921005178103,0.0059254066926068515,0.028200224448665864,0.011395117122717496,0.016595521701804103,0.04293221890579163,5.587945643731339e-05,0.03354778329470464,0.007548019669531867,0.0069429851898318955
122,1,0.0,0.013645903974982537,0.012465563768153852,0.028318103245306703,0.0135733589840079,0.02692425337017263,0.016800252750370767,0.05941847291284741,0.014494408702984102,0.004163337914769193,0.010395264552766669,0.1387126634777726,0.009644559729380013,0.017588789635624918,0.0010095928424958694
122,3,0.0,0.0,0.01984349492529736,0.052475858061807684,0.043623705098680396,0.01206893239593493,0.04551245540255104,0.08101279419883407,0.014599871884012088,0.0196879010853651,0.007482082318293904,0.05196663271495763,0.012364731674047905,0.011941902648142788,0.0006725636765526923
123,3,0.0,0.0963209522945972,0.0343683446647646,0.019397666590335226,0.06540812955890146,0.061019541315778275,0.01629810111656332,0.040199154671272545,0.03221521523352894,0.011743848869393428,0.02216409461907632,0.06011241026449342,0.017511228058817954,0.006354541475611904,0.010627124706192672
123,1,0.0,0.11707774620404632,0.07300321425339538,0.023175406758278356,0.03604567789229824,0.06769687892108428,0.012366082400307973,0.05525105033460754,0.04149423060447708,0.00968243240732343,0.02288002447424514,0.009804663022647611,0.012208297440016853,0.004890228972994666,0.025175891060683523
125,3,0.18204332283455504,0.2837331682009265,0.00962465774463373,0.004959826300679312,0.0029499486773109885,0.005628721435288063,0.02689061566061546,0.01866726539159774,0.0019392392925958871,0.009457515802117643,0.012613158734945286,0.02805332433151424,0.009638163328103074,0.0011945491402482419,0.003238067968090006
125,1,0.35772267145161635,0.015540939674119209,0.003770620054360664,0.011469845419022653,0.015828039457470855,0.027090581462077514,0.03507877130794431,0.014942177472891052,0.02131984361943636,0.017531541043679405,0.005553532220646431,0.04332396851556086,0.010809162249673498,0.0037333903137149313,0.015270365005559608
127,1,0.0,0.1042188751103667,0.037632596619986414,0.007965549070463668,0.07565787527532122,0.07538492315575578,0.06858438427085843,0.0074188426208417375,0.07666154087588357,0.045532264153876054,0.012913282550066721,0.0010679427161543644,0.0759916951158919,0.011795803336092616,0.008011174792139749
127,3,0.0,0.06953254466666631,0.056502135059375756,0.013411313632219899,0.045387283364598685,0.07488075426221667,0.061674342110214296,0.028388588332155122,0.049977598307806764,0.03196312576104292,0.009711447139281326,0.0013069744269506652,0.04872149804856926,0.022232814038862035,0.00530415878760938
130,1,0.0,0.0,0.06264208358363,0.04996277827964995,0.06013684862239605,0.13693049216542347,0.07290883290740373,0.028497785813069918,0.04044336583636578,0.019030117466104626,0.03126494398526426,0.010857152465330961,0.028462255534166234,0.07991170075138038,0.019683674427347
131,1,0.12153563602073174,0.0,0.10022262380398118,0.16594592123305205,0.016844647082416495,0.0511612528331721,0.06566777845261615,0.06942145780513162,0.010637416012717352,0.10016894961807322,0.006075109980541093,0.006357799894324729,0.002443185824111413,0.027204380432834258,0.004854834768875926
131,3,0.19613818928386814,0.0,0.07998225256492786,0.06699082303514976,0.017599748118172352,0.020889945251860498,0.03854309052835875,0.05363767608028892,0.01654909490560595,0.11992701818424319,0.038319047673648875,0.004084881791675466,0.017848639955025895,0.019088917364704267,0.0034165328566777608
132,1,0.0,0.0,0.12395377156960986,0.017836162098087686,0.059194801588693904,0.026207095397937023,0.021330568825557044,0.0371637227922802,0.045901800525764515,0.0099466786045576,0.013579518487863578,0.08316897118831043,0.007476094142186435,0.00686153939881004,0.0015638824779916924
132,3,0.0,0.0,0.13368301953657716,0.027183427774218394,0.023889167729204148,0.03730605192316183,0.011727919743868722,0.040029613947678615,0.02652171976102486,0.006902781114531502,0.023514870278580083,0.05240375492145336,0.008097375261754294,0.013374144694625275,0.015974214706953357
133,1,0.0,0.10495362147624412,0.016945490024347445,0.011956833415846883,0.05827496912409449,0.056504995450263815,0.032839020260290584,0.023339980379923336,0.004627838024360737,0.011353053587044986,0.014379098650015127,0.07370169975243915,0.0350806245855241,0.032007376198715305,0.004550943910474314
133,3,0.0,0.16168782560652317,0.015600872943687727,0.009396106367772824,0.05806429033789156,0.05483381775293457,0.0518493371328452,0.01898666640847094,0.017526650138104487,0.05427254457356255,0.009395702936916134,0.045206646361991704,0.022893591682385372,0.02475713966715747,0.007004769964734099
135,1,0.0,0.0,0.06181817050014618,0.10564782939061651,0.08523300476467395,0.05285749914055948,0.033237255380740176,0.025064638761891602,0.2014211290638685,0.1277291252341373,0.02248822486176662,0.033825209076976955,0.030697186978913986,0.0,0.011036782447493806
135,3,0.0,4.631405094807382e-06,0.05470625766258425,0.10028139813259737,0.07731446163288647,0.045324641864015726,0.03222622279414483,0.041671671436846136,0.18426337149577582,0.03523633405761127,0.02421822133706451,0.03407234113802284,0.02684855738275675,0.00035450385519166937,0.02149133056341749
139,1,0.0,0.11140507214780618,0.06822365945700137,0.0546346561647071,0.09629787207921715,0.045542381257479926,0.07280048889820495,0.03988298000482418,0.012332745019923127,0.0038169763320498725,0.009884530704918477,0.025212914343090337,0.029976210187586415,0.026207334741005416,0.013711972501589191
139,3,0.0,0.3412265648043032,0.05304367726069294,0.012565005611076523,0.06259097029810062,0.059708664693984725,0.05896813279097097,0.013701242348930331,0.013940808525831726,0.010621935628608322,0.0109021639576092,0.01870358843492277,0.047012057930546816,0.019550482913132713,0.0060228058587551035
143,1,0.0,0.0,0.02062975529498194,0.0321661766075545,0.04963480420802436,0.04080448683197054,0.03192347715396522,0.03656081698288675,0.060623064715764084,0.05250887668473959,0.08299245107136777,0.003195425462300721,0.05986720628487992,0.02584412237845869,0.02611136334331022
143,3,0.0,0.1591850334310968,0.016427925272458198,0.03777664191081808,0.027042598661751346,0.05314179360850768,0.08836112718506883,0.01853669231544471,0.009894234084094062,0.0671153017389717,0.012975242510219543,0.00710984167316352,0.040467387260040726,0.017933914715460145,0.002481446175899126
147,1,0.21680804868020603,0.026055614326414754,0.003733982558501705,0.002175283795366899,0.009290847454357622,0.02939238137426783,0.009929604474327468,0.04869227640308211,0.0006315491701765597,0.011394131032967486,0.0051427265774236395,0.01654210682035334,0.04154028173915117,0.0020311266894714308,0.0032129799522429866
147,3,0.24217791423538373,0.09987337808779703,0.007773849680447165,0.006634876014974611,0.006490125306627536,0.03666621664276865,0.01472620675855794,0.07114813036641693,0.0034270815755099394,0.009390068552796435,0.01658923734681818,0.011513180349025296,0.018657830692567524,0.0021713367680977575,0.0027166732085250707
150,1,0.22528565155106042,0.001079891826615839,0.04148818949713781,0.10247335335411768,0.02768931329571887,0.03403027622615765,0.09927872181708465,0.0659315475436109,0.039534398559422,0.07172771901655195,0.03044404918765525,0.008353830417051724,0.0059209145364480156,0.008329951694472012,0.005939521322478025
150,3,0.28144476279147645,0.0,0.06427847793047779,0.11156809874881621,0.040018613707724825,0.022685959153405065,0.1569898396161755,0.051319427419604983,0.0,0.019160345697391987,0.02201525935004712,0.005687252565488409,0.0076350786960151145,0.015978529693563157,0.01272036218549775
161,1,0.2413158408824332,0.0,0.045659007944237245,0.12163769478854584,0.016683258423009717,0.03131116701215567,0.022127928447962943,0.15495548105635557,0.0014162269514057166,0.0018957781677924354,0.006788827475135124,0.013011285783050205,0.0065838702637918065,0.03539236984075677,0.011072402743304717
161,3,0.22680914833970833,0.0,0.019566149153428553,0.13066363022516247,0.025398739264660634,0.03382639306335789,0.013638894992007782,0.10439033115429322,0.009115979098978712,0.005274814606772078,0.004838540123114339,0.03407728376830992,0.010541199147412927,0.01820968428790972,0.0023754183114653954
164,1,0.0,0.0,0.038850599987497944,0.03110144402612403,0.038168515072900755,0.147335667985947,0.02847983402432912,0.047718407368406435,0.04843174738959559,0.021533863953254417,0.03235124629486287,4.7535901665605716e-05,0.018255494718087975,0.03634587001453411,0.0061712253227868595
164,3,0.0,0.0,0.0390342607348037,0.020477686349871172,0.04405307778020387,0.06586227265836454,0.040596282593056796,0.027512715931577437,0.050118001110645974,0.021040247446459173,0.10725374079002231,0.0,0.02144025291524467,0.010796227020545337,0.013641402888242548
165,1,0.0,0.16552987797905092,0.16595385806860946,0.06319055732052595,0.03479801063815513,0.08388887676118466,0.020766913290764424,0.027433033876950442,0.04408241355823037,0.029666089143165677,0.027543985681209034,0.0036392792618861127,0.03893286794992909,0.011131129611534502,0.0034552274421864
165,3,0.0,0.12234671224905588,0.12423463358660111,0.026996574413780915,0.07762690089704292,0.06058465700543444,0.01324177615559355,0.018546674951097738,0.07900290125260478,0.06529174741134054,0.026479348032492668,0.0062343446925936545,0.026649521217743298,0.016985686332981077,0.00792816849707948
169,1,0.18724733297200052,0.2816869794646827,0.06751873746616367,0.033726043799269315,0.015254200161909355,0.014968093488693452,0.006496328465993877,0.012425401665329478,0.0068389249550011855,0.02492379305766754,0.020816699184311983,0.00320398838754728,0.0017162336688236715,0.00494330565925523,0.004903640861058914
169,3,0.19117887101635722,0.10298752832576584,0.043847443702809116,0.032517445640460045,0.01648772119048915,0.05875855557945757,0.032239329940984156,0.040193584462415916,0.014038895105903476,0.036951436798594396,0.019904085644841512,0.002160838378780017,0.021506507847617217,0.009242066937960532,0.004157008326767258
172,1,0.0,0.3093142090116331,0.04026798981656353,0.029045003394111014,0.05118150875080766,0.06226184921921404,0.03939857175487728,0.005811368080028596,0.04148258701177492,0.018935297420325164,0.02510899826126419,0.0004180068147048117,0.035780259826294944,0.023532770500415454,0.01810941546557001
172,3,0.0,0.09602330283637765,0.045472588918188825,0.04248416195009004,0.06861754727296114,0.10892839915101618,0.0580455484628248,0.008584504437869822,0.06460225993696937,0.0158755346346797,0.028444876350656033,0.0004339384486750707,0.0584173808528428,0.01627429974916388,0.018664679540776944
176,1,0.0,0.0,0.021905041472865854,0.05301705212777004,0.04411880423161214,0.11815995681921812,0.02249012458692701,0.036832097526983736,0.03958787718239169,0.010467480604173188,0.031061361068939426,0.05887260654326327,0.013403850152395968,0.021424774863092876,0.0016786719919748552
176,3,0.0,0.0,0.029711974549214565,0.05210969683310522,0.05696216053240593,0.07843069404202836,0.04576615796991511,0.02222189457217949,0.049789533326372454,0.020073947939952184,0.029729727832142616,0.04764620054168578,0.02194757124557936,0.02317976944202636,0.004702714256297427
181,1,0.26201243300079907,0.0,0.037082168569109494,0.07540499870817408,0.1279156290847307,0.009873958519281903,0.02755248126608628,0.046786687436587676,0.00017128619051565123,0.014825968697296972,0.021693813896284057,0.005784288263752392,0.0395896389181204,0.05284574268595677,0.020980453786153475
181,3,0.27616126513553346,0.0,0.04583889649565648,0.07882869866582004,0.056579511375282665,0.026273649853785684,0.03024307208618944,0.04390444589259442,8.545737079061793e-05,0.003571683361541662,0.022560092773084253,0.0021213704742237406,0.019736958013066977,0.022559440987945774,0.010436154911257819
182,1,0.2608417641445298,0.006014523142417585,0.060347690298965924,0.05193335611539704,0.04803524607002385,0.03310461074453137,0.018615030591318985,0.09901332826467674,0.0071347854691440026,0.007196100733491092,0.016300453690979985,0.018570525198310442,0.0030626526495965297,0.0,0.0012617021106686181
182,3,0.13074689673457013,0.010862091106604152,0.039118084583880074,0.384640753777556,0.02178694116469641,0.022307840383860564,0.005325444920309856,0.05027627586215405,0.003272007188965382,0.0014561817992303084,0.000733495132747352,0.010621166498248688,0.0007678382308797591,2.3534601796044924e-05,0.06600462562817495
186,1,0.16104040321275606,0.0,0.08692502330415422,0.056806038203280465,0.027405705866743832,0.008337496566333057,0.06357577096833664,0.024008506788969715,0.05779978583310573,0.021602202860963947,0.028646946611506588,0.0,0.070070576687908,0.020455764578092502,0.0019321239585458729
186,3,0.22497840577971037,0.0002969123094850128,0.08591806022688944,0.05939441072662375,0.018737129896417896,0.04439696395716618,0.04319635824995346,0.03333021107990994,0.020295551013956747,0.032229300258214785,0.026939109510847707,0.0005877731064452874,0.034620503401541304,0.018254637679352904,0.0010528090139005934
190,1,0.23484126393247357,0.4519910457873421,0.0075980253785992834,0.001280573817620389,0.021263449439351434,0.028925537940787813,0.0229537364579385,0.009827299959118092,0.010800263578348108,0.009051960004082647,0.009786734285752769,0.0011249700528139605,0.015991443925858495,0.0020234612339635753,0.011147980203987447
190,3,0.2066497506131929,0.5375162062427753,0.0004300428025145388,0.0,0.021083683692905017,0.024500139277247417,0.01742328061735543,0.0024226511720409536,0.006945838041313528,0.011826216788404637,0.006856321833508069,0.0,0.022979633620443196,0.0019280900463758176,0.00486752268155186
198,1,0.0,3.342951261778382e-05,0.19282735172605708,0.05787130500986924,0.03682737662251093,0.0746793226317399,0.019001515672016526,0.059886512326053604,0.06899690782027733,0.05038239146099821,0.051087121726994734,0.004347844418847499,0.03494026557689802,0.009890819011012464,0.0060268492192452
198,3,0.0,0.0,0.0775806359807424,0.034851465513582945,0.058482367959568356,0.04972754112426473,0.035159594548851446,0.05533701814361109,0.1106920372980946,0.05325875618445348,0.02901461259712754,0.003584413578353576,0.059904447818488714,0.015444263942688009,0.012099796799762192
200,1,0.16482962429878562,0.0,0.06834223138694033,0.07208862474770286,0.029122807613485735,0.028226767498806746,0.024582208259720455,0.12272391378040913,0.041025622114088806,0.041308986660499716,0.029475342513300824,0.01221441525956424,0.034992179495257694,0.0009338833243695095,0.0008678039121309317
200,3,0.21739813810392677,0.0,0.12523934603370526,0.05863184611029387,0.024790444601568696,0.019110602430264738,0.022193889405371484,0.09184937301192445,0.03994965846792783,0.01264524181166406,0.008256984475113095,0.033694004277462,0.015463479943559053,0.01315271724825391,0.00248602684371015
202,1,0.20822662482320298,0.0,0.0678040690162855,0.12216659939845101,0.02482082554459146,0.06673279408075429,0.05099713697436963,0.049114803666253884,0.008240137770177642,0.05537940214723138,0.07089412068885317,0.005850358439441782,0.040214463408354634,0.013916121045602806,0.004670593971358402
202,3,0.19715941801051293,0.0,0.09140597848993617,0.08429778784060296,0.017068071339168323,0.09202761801672295,0.07580710553497913,0.08721980669752936,0.01290261284865369,0.055228934545163186,0.024719544288130384,0.010464466045928978,0.02146025204039403,0.022062703665427986,0.001785116213070367
204,1,0.26070631373566766,0.03834703786865905,0.056490768134026564,0.020901049524091712,0.06845983372659091,0.04528629753854979,0.025203902278018005,0.031153899244524715,0.0013021557703909404,0.060733867264105554,0.01216592715598111,0.003660723118885498,0.01845336940958776,0.014647921238933478,0.01332550248075239
204,3,0.18079156749186825,0.21541032275706984,0.055791605688111374,0.019995153494671444,0.023260189977585236,0.04178822338605955,0.016807204527896552,0.022207998866779724,0.02801217138313146,0.02769268016057918,0.011237980949298643,0.0035764175369243623,0.02643273783712941,0.010452360220561108,0.0035692085082206174
205,1,0.29044723092311336,0.18430654338692606,0.07202484548613734,0.01417152813142528,0.015352790544146401,0.027874470375945523,0.05190376757666672,0.007115192682211901,0.021332372425569467,0.0008681618492463993,0.008866283936619578,0.041092355232349456,0.012045355180834293,0.0318360800431882,0.008511578623788308
205,3,0.22125009393332246,0.37067732353602784,0.0406057333565908,0.013847185700310172,0.019211838073211404,0.021757960873396716,0.06537792361733735,0.009030306032389012,0.008628003833420137,0.005489719579471891,0.049603487639872386,0.015747491218203794,0.0050364871418995235,0.009846981059995782,0.0017975105407122612
206,1,0.0,0.38505265007709066,0.007155232691589602,0.005244919716660118,0.05249318035199973,0.026945261573213412,0.027449415078738413,0.011796109982810485,0.008893019367529807,0.03399689833381875,0.04835455296602464,0.015298133359623052,0.010317212944842578,0.012821349017396599,0.008700855928818172
206,3,0.0,0.02495269866183517,0.00022852009518306083,0.0012951154334336808,0.04180716598240172,0.029299021673576602,0.06169426857672052,0.011325270194226938,0.001368698096591124,0.0026719893814867433,0.04852599996467224,0.0006237871856145387,0.0032720565042178807,0.00020247849423022087,0.01863932635021411
207,1,0.2526207938080101,0.009956987429973174,0.042133282791184834,0.08014075451572335,0.040721518779218265,0.02512888892682549,0.11473569351716936,0.03774901250647016,0.0003562261885219816,0.0022295674253627693,0.00423341480279481,0.02657189031241058,0.0064149998328844595,0.026851074328463714,0.01158027951125964
207,3,0.3261861052933063,0.0,0.03571340295057206,0.07865762462838173,0.03027702707937298,0.04646071492473161,0.051598556232916586,0.021678773058549542,0.00022034533780684212,0.02420987979109909,0.009892487982266251,0.017758122381499625,0.0049782274398304386,0.03504919891479154,0.009574945345106034
209,1,0.2194522501097267,0.3614698981080364,0.0005513790959019026,0.00016844225846210522,0.016671724396821543,0.025807414102864926,0.01152744484217675,0.007094634779988904,0.007305382748111094,0.007537283551063324,0.0012077418857757817,0.005820858539134837,0.017118197848769293,0.013383744066044116,0.0014895197201169324
209,3,0.10941057412197043,0.16812846052956718,0.01823435580303402,0.006203037482359468,0.006509826609379635,0.03115611087140393,0.02561796132885942,0.010082174018224936,0.004767702622726274,0.0067330593457474806,0.008178905565313813,0.006201166811522875,0.007828556660267712,0.009932788025791377,0.002323455545818039
215,1,1.0,0.0,0.0,0.0,0.0,0.0,0.0,0.0,0.0,0.0,0.0,0.0,0.0,0.0,0.0
215,3,0.0,0.10200350884182667,0.04177157677145906,0.11262692085346271,0.06318772585477966,0.03989290366017799,0.10153376510720602,0.043960729464029354,0.037035505543458996,0.05456381844409688,0.015222453690149428,0.0018925571625506496,0.04008164627019048,0.014732990578363298,0.0229342392978614
229,1,0.2800638220760366,0.0,0.07520548869206098,0.017513615836906013,0.008522418184647657,0.018523815801544517,0.020085309084468723,0.05463590625827244,0.008416195124729532,0.006744947631367512,0.0047449419539071225,0.0034575819734699153,0.0114714410712967,0.010606451054428272,0.0022817778292588916
229,3,0.26584489494042884,0.0,0.0600391184281436,0.015664930874675076,0.011449158955306285,0.02123857450871293,0.03413971513873463,0.05322338546127886,0.0504021448280497,0.004794683818574592,0.006179591050240677,0.004014548570210705,0.011068384798846483,0.004796447007945718,0.0038631351757137645
230,1,0.0,0.0,0.16165522345847644,0.05643848448196665,0.10437289012714895,0.05578889938601821,0.07457230884025438,0.05558470681918928,0.029041678952319627,0.01779012694840426,0.014906358251646275,0.0037610144639744526,0.0021638795785369138,0.056751994287422086,0.021079472629571005
230,3,0.0,0.0003401250462093647,0.13001732185297393,0.062206096882166995,0.10657603232072425,0.052047172851267066,0.09708650332757685,0.04847204049498245,0.03162087475257009,0.012370038360557075,0.01125448047406838,0.005405013145672222,0.005960329599663574,0.0684545879793135,0.03637669532334093
237,1,0.0,0.06577517045840277,0.03157131052413169,0.031583462451748784,0.04228358622063798,0.034531961979932614,0.050667813701509246,0.016858539912755165,0.08521192760905895,0.006251413540340576,0.01237447862204772,0.0,0.009770551520758494,0.000777221221724673,0.005122690280104939
237,3,0.0,0.07274445972714189,0.028624981074761184,0.02731066018747986,0.0742390400698032,0.03254109018794378,0.04538490203314429,0.01760781173738552,0.0031289394180936208,0.01808225783033948,0.0321269643796695,0.0,0.006963686286824557,0.0009427799975932006,0.006722805947339589
239,1,0.0,0.0,0.1147802460084554,0.11720629140340029,0.07035018036726037,0.06190292998608221,0.030402508021358066,0.07614700888442197,0.05266663578301144,0.0006774598327851485,0.021016058829334907,0.0366701444347989,0.013761186093492882,0.001024800246532135,0.019286204875454946
239,3,0.0,0.0,0.05241834938787765,0.053832452532373384,0.05623034538856518,0.07660900507015342,0.008799939961895173,0.07342190164241338,0.024100880962352727,0.0030858294740290825,0.014829169803738345,0.07900235875511315,0.036482025285402925,0.012993024605132455,0.010589583872990362
241,1,0.0,0.0,0.04216156548683188,0.03338185800791623,0.05524445877256125,0.06134272966951964,0.020952562379834175,0.24260065624737778,0.009119955645289177,0.01934506543805295,0.05845925191974236,0.0020944834029152535,0.01286218363444459,0.009781582758190141,0.004604892587969707
241,3,0.0,0.00032305848294796855,0.08420339657386863,0.07209680761036791,0.0939266615967928,0.07633069591166418,0.056494462099068714,0.06743173841705974,0.03893916815813174,0.03773049251267417,0.047206002182985395,0.009988738759145353,0.020731012184811604,0.01755116636293733,0.011723126900070128
247,1,0.15713203506736076,0.3110193239684737,0.024777126017620707,0.04683058463476694,0.014422248169032011,0.03093552541264465,0.00514585761149131,0.030528383596685776,0.017443429315662194,0.010183605067848371,0.006702660636555837,0.0011306027948646683,0.005242667637382136,0.0019110703748701464,0.02204477269817608
247,3,0.18983247531399192,0.5452485805426548,0.04152532020694851,0.02829206901454666,0.006814519563690658,0.03670602534948534,0.005477266903647837,0.004770034056000454,0.0,0.003872563735597483,0.003492818011490914,0.0016730849429757691,0.002044728558157402,0.0036287713564495104,0.0044974791981693
249,1,0.0,0.2173516576172887,0.02843310282050337,0.008452894876541356,0.04796208719035545,0.06651851877111127,0.10830880220952115,0.01820369690412887,0.087422135349621,0.01827069342502361,0.01445730762044304,0.0,0.006628042035703326,0.010108150237090451,0.005949451526161688
249,3,0.0,0.18007531574507973,0.010693539675495037,0.005652693654440817,0.04071931773220517,0.05886156814371507,0.0482480832987566,0.019425535364171232,0.09315934482645157,0.03079151555230611,0.03534139874047066,0.0,0.0070224538751754596,0.014670298494166633,0.0031458137543428242
251,1,0.19400414521619855,7.607581966847576e-05,0.09339891819830287,0.06274375215062569,0.0026111834367805948,0.007731336018931534,0.010151886205498511,0.05828069132030714,0.0029355745928876724,0.0003860262916761666,0.009037290783187962,0.005241486668714546,0.011503663937970011,0.005913906536753567,0.03968987524476074
251,3,0.2536411990873479,0.0,0.058488305676348856,0.07902614867415166,0.0016120044313457959,0.006502002606477215,0.0021724613915235736,0.257800942661304,0.00031106631015848096,0.00026940163832088975,0.003780209762038991,0.0247713613404599,0.002769729611711909,0.00021631279372504112,0.0
256,1,0.0,0.12408288193783344,0.0,1.9384667722437535e-05,0.04340298146338612,0.03943105289801796,0.012992395932751644,9.864867552989154e-05,0.04110980571894383,0.008924355952026702,0.02155646094019901,0.001850373099033933,0.025845648517610814,0.0117101661316769,0.004662266313263537
273,1,0.28018742418297654,0.39601824473033465,0.004496885558126192,0.00867115107840705,0.0315907056065938,0.017244695568389673,0.08030150720082307,0.0009939892857912152,0.00010271726886552746,0.024605787623725527,0.002723987005107318,0.003000395058964097,0.0,0.0038258762002113746,0.002642144298043474
278,1,0.3340221018686144,0.000255422061092741,0.058461681304716906,0.11717245737846466,0.023181933330374736,0.020237419793369564,0.11588022818344297,0.04877842107260729,0.0026123649604998054,0.0005905011767638125,0.04235956803022733,0.003796764056923104,0.009204718504129884,0.012497165521098799,0.008174638292604184
278,3,0.3086793227138232,0.0,0.03070739560852207,0.09906173904297855,0.039681547562474655,0.012771826971258145,0.04030758359729831,0.05412404978345539,0.00444890473817913,0.00026439553611971867,0.01301968046978266,0.015108474415433731,0.016175400371469115,0.042786603186787966,0.012819445861089303
280,1,0.2551099587155451,0.01746492867263445,0.005439517167506394,0.010250784478858506,0.00501564224227157,0.0013418856542107285,0.0007222787128581395,0.02952580589504533,0.0017986185264875752,0.00571996456946693,0.0029309137192991197,0.010687027709239834,0.008670846382614537,0.022117196323269875,0.0004914535094903358
280,3,0.2089767915676313,0.10256177183858725,0.01952886289134855,0.025545337945755843,0.010950386448234786,0.006572589224321191,0.016648381317908766,0.026324530636019472,0.006265183861307427,0.02711013089292053,0.01077350576191538,0.007294667484431433,0.008702277101977737,0.019438049359248494,0.001061758814706569
293,1,0.15614498362090354,0.0,0.20667038062943532,0.011223508329429817,0.06400459838102407,0.0,0.0,0.15410365722067032,0.003952101337940833,0.02221001390069818,0.02689736437875848,0.0,0.001266942793294124,0.0,0.011998623932124518
293,3,0.08361337426335015,0.0,0.16723682000880982,0.04663474878657598,0.015838814900568803,0.0,0.0,0.204645290053154,0.0,0.02220480612554461,0.01765967279689792,0.0,0.0003460794024764018,0.0,0.029935043055958573
295,1,0.16199420179782884,0.13966462928215587,0.054377585300720226,0.03761706866378458,0.03020541071228814,0.040941744365302846,0.037833756837594296,0.03051933613720903,0.012080051882596324,0.04266686732105109,0.045449613016424174,0.0022909431564356185,0.021986432094624968,0.01405497397792189,0.011471564642325467
295,3,0.15902799040231155,0.12422694027499223,0.03966616098991515,0.08405040471028058,0.012066887624004943,0.040865814747703136,0.023621549371481417,0.04326630036438126,0.0014733963001322282,0.0203138340069169,0.033829714198111246,0.002865502923840831,0.016140880148945456,0.010291558270029616,0.00552946469321586
324,1,0.17934081740046223,0.0,0.15073000585523616,0.087783617676183,0.031447051291579715,0.03277898027718064,0.14202408057744684,0.08289183406934661,0.005925758419990624,0.038440519855707685,0.00843111794528279,0.013516284462767826,0.00706299120636583,0.02149341218202266,0.005498608712409024
324,3,0.1529791465280597,0.0,0.1792118402252726,0.10111155669179726,0.02698032898756709,0.04967766266043509,0.09308653147654199,0.08853381591878401,0.0021522559661111772,0.04448088828729071,0.016782124132346168,0.006878121086072364,0.0056024560124118715,0.015950176020626067,0.0076007071191551345
336,1,0.26691144183074283,0.03935690092140357,0.025030322309100794,0.016367238342328873,0.028684700969386363,0.029378883251535363,0.05659327924586366,0.014152207767802478,0.009338853531864321,0.07538094925220275,0.02395093964224169,0.006634601590545501,0.018500621978858045,0.004722317540196192,0.001668296910282197
336,3,0.20447326104784372,0.3738085152894777,0.039127493596212454,0.010268815163790709,0.017982001454428718,0.05594094618324973,0.02118057486510048,0.01205222648405085,0.010857504781645336,0.04498909195957796,0.02129322142364131,0.0007081776950921488,0.010116392292827264,0.005286114492995188,0.0022489534115743746
342,1,0.1337620515057743,0.3296168643969483,0.11490810049893938,0.04556754921315169,0.013662179708448442,0.03381770551034159,0.0186968366571523,0.04053297893279571,0.018720493885066993,0.02591827078697386,0.005640212676650855,0.0019866872947992774,0.002819629737436621,0.00513977129998835,0.010425038889570928
347,1,0.30647313616562294,0.0,0.107185599108378,0.0069168458624723865,0.02699788795316318,0.00730209601312893,0.046726212755556225,0.000279379348241875,0.026405623210780958,0.010411207873577707,0.006366567948559105,0.01746082670655856,0.025455079998230525,0.010302347938036109,0.002513162840961889
347,3,0.18797847108136,0.0,0.1402060270519695,0.12081426733466655,0.024140574733491564,0.03104909427912552,0.09717866092406946,0.0,0.03425042301708621,0.029973751377896464,0.009328061393103233,0.013470020638983154,0.006682238482750003,0.01511508808811799,0.003218228708718154
353,1,0.05735830267863274,0.511983960609651,0.012908723932837408,0.0043394510526523645,0.004544004302205001,0.003381161507900243,0.024153119677950693,0.020414508443357546,0.03307880538478021,0.043820396056412504,0.01003027323841376,0.0007084895030864599,0.01983091897610392,0.004622620615876383,8.644024403675941e-05
353,3,0.21222689577487827,0.28453815516126396,0.012238412012544733,0.012271344444014405,0.004205737882014266,0.009150012842275354,0.01206090784836083,0.04331873769835151,0.003112901524855273,0.01499000236052203,0.009857429581001104,0.013743297541093952,0.008390046027089586,0.000504464790679262,0.0011512165524895765
359,1,0.21275458666797667,0.2987821481810232,0.003509130228478038,0.012629510702465646,0.02110050190045541,0.03435512273034087,0.03592160301220931,0.007668359229903331,0.02596595556238606,0.03813581720065522,0.06589590977032267,0.00043623700625930684,0.005738321833859828,0.004330759849290524,0.0044215703034599756
359,3,0.292263184823479,0.5699772012809895,0.003996265341579239,0.00820243540222539,0.009061252385630816,0.003450428116047485,0.0071067229263816,0.0009798858777977097,0.0,0.002728973672719921,0.00991716484754307,2.6565733405001373e-05,0.0015801297400729563,0.0007945633289294446,0.004572918840276088
363,1,0.13149377876440627,0.013064450256091814,0.13051217265191103,0.0901234121203619,0.058576382935546775,0.04221204113604629,0.10827682027404192,0.051172085889159204,0.0,0.03828114458826219,0.009833944896550073,0.027916748049632838,0.0069469751196088985,0.019224062061868927,0.0041900717406161605
363,3,0.2468970326052221,0.0,0.03377110187981172,0.11174016892640672,0.03964199254512154,0.01232129418715011,0.0490535975280181,0.0627587186979164,0.003972468324604167,0.0,0.012530430914768707,0.015662059618331593,0.016216343501530325,0.05352258673819281,0.010977005119623297
365,1,0.26324548882022814,0.0,0.2962530217086554,0.014373350748516419,0.07297013466896043,0.05682046959190775,0.018516831582354867,0.02563100433799978,0.0021374275015753914,0.049335826124872105,0.05627426841712314,0.007018092029961053,0.0004840876521769566,0.023491734804544345,0.0011595999209682798
365,3,0.26376761357348144,0.0,0.14582990716440702,0.012674094552208907,0.02937950356186926,0.027267326253176606,0.027698905725385692,0.02946770421640806,0.022646215975374275,0.24452797911340982,0.0655408124427302,0.013626852981237853,0.0004014675606595207,0.01339928352952713,0.000847477183611176
368,1,0.09650913354078426,0.0,0.07934550312573616,0.09924001855987606,0.04281238356901579,0.0,0.0713429199245184,0.16135440803711096,0.0,0.002994531330719419,0.002697282707413632,0.003383755345990333,0.01748897004811665,0.013245000703167543,0.09260252026307988
368,3,0.10787647059838804,0.0,0.053444359408919215,0.11185201351478025,0.02544216647443748,0.00017408644215728442,0.04113665330706988,0.12558474531385985,0.0,0.0,0.01520527623093612,0.0019404073362165935,0.00860651576631996,0.006337050221857097,0.017030906203907386
371,1,0.22459387706184583,0.18279345055570084,0.06113818408508021,0.01909841125980987,0.03458050298896303,0.03490261028642123,0.03954062966818971,0.003042451988866534,0.032781262626145106,0.05131937937581655,0.023145499866284322,0.0018359262998482466,0.011980250963272836,0.011750517802191263,0.002645809380056486
371,3,0.1683210466777566,0.022045065932910432,0.10557472144826918,0.049527059493530944,0.05140096414779729,0.03460762353567233,0.016375845003534173,0.008888379960614388,0.021555186663469963,0.05544596244565188,0.011682056221858,0.000721839755626075,0.005245984551339932,0.004652771381863888,9.63451350577054e-05
375,1,0.2086829706913373,0.17941713227276226,0.03627330094289598,0.022422729653206977,0.026164309301484882,0.03152225451197408,0.05090075647827938,0.01316311142516934,0.0489268516391576,0.03785136440000329,0.021116975348262963,0.00029122278303017,0.03749176757182689,0.01473357774837064,0.006287721421024616
375,3,0.26893538357458757,0.034744063068323505,0.03668499442367462,0.04436280623056964,0.010898805692969674,0.025143410848601888,0.01158648133797586,0.01763142052998282,0.027226506286593774,0.006388300931804867,0.011392095237865729,0.0,0.01588516823330868,0.016398160062942257,0.005519569342215713
377,1,0.12023620131057457,0.00011348953123703587,0.11524562654617732,0.07516728287932337,0.06712386640165013,0.006879488974986429,0.13276066806709125,0.031227655910381444,0.05787851662087582,0.12397578665133606,0.01154162127580367,0.00412978722501468,0.007684560833761712,0.020443599252835228,0.00661318448208371
377,3,0.19167127047912066,0.00202109845325924,0.05714108271295405,0.12395542015138698,0.05072740325584552,0.03222433922078175,0.06788401196591962,0.07765594366337576,0.0,0.05148956152061579,0.007478258353829089,0.009143957949314668,0.0032660459147421128,0.017935267052056936,0.0060380599069617845
379,1,0.25305750001672295,0.037090452263519626,0.025659189490917687,0.07120033620935372,0.026141292912624233,0.04496069151759451,0.03534272444064991,0.06602571453418173,0.016914637230800448,0.03788692215084641,0.019100906298449433,0.003726215618524871,0.02265541793515228,0.0123468176768333,0.002397643076471808
379,3,0.20063989125381468,0.016369307501940007,0.03503174024457405,0.1420335477572689,0.03376217719406175,0.021092892460173797,0.01613812113644247,0.07368895025977572,0.015745496721061427,0.008533315130004562,0.031142011732608162,0.0005135428200998873,0.011096865149568418,0.009360525065552756,0.004301411597001574
380,1,0.18893456924217225,0.0057478945959488015,0.287218385266054,0.09517633927469055,0.034363983174252155,0.11505154723344077,0.0001781316887235258,7.39981656624898e-05,0.0,0.0,0.00024392589110735523,0.0,0.0,0.0,0.0
380,3,0.2885639519495154,0.13986291441357893,0.11976582556152231,0.19318659571868324,0.0070344690027232155,0.005049825482010263,0.01405768390442959,0.020411420835455493,0.0,0.013519480319015014,0.00015477982451089835,0.0408447088583653,0.0,0.011350425850419331,0.004937426702675262
404,1,0.2485550846198725,0.0,0.11806549212444359,0.08888172800130227,0.021543829138317212,0.058415172622705104,0.12673481640785147,0.08220948503324058,0.0,0.03768978987544851,0.01303810397917345,0.010154867167677962,0.0038400322410790865,0.022292762795305367,0.00809436023482377
404,3,0.18977626382864413,0.0,0.19951220767297323,0.02477955369701706,0.03441505652049023,0.029952507131052145,0.05798624279782212,0.019228874044976606,0.0,0.03301110111808413,0.037856157084616454,0.01322633268906099,0.013248208724891417,0.03905828579549073,0.01462121359319669
